  ;    908.1;914.29435;920.48871;926.68306;932.87742;939.07177;945.26613;951.46048;957.65484;963.84919;970.04355; 976.2379;982.43226;988.62661;994.82097;1001.0153;1007.2097; 1013.404;1019.5984;1025.7927;1031.9871;1038.1815;1044.3758;1050.5702;1056.7645;1062.9589;1069.1532;1075.3476;1081.5419;1087.7363;1093.9307; 1100.125;1106.3193;1112.5137;1118.7081;1124.9024;1131.0968;1137.2911;1143.4855;1149.6798;1155.8742;1162.0685;1168.2629;1174.4573;1180.6516; 1186.846;1193.0403;1199.2347; 1205.429;1211.6234;1217.8177;1224.0121;1230.2064;1236.4008;1242.5952;1248.7895;1254.9839;1261.1782;1267.3726;1273.5669;1279.7613;1285.9557;  1292.15;1298.3444;1304.5387;1310.7331;1316.9274;1323.1218;1329.3161;1335.5105;1341.7048;1347.8992;1354.0936;1360.2879;1366.4823;1372.6766; 1378.871;1385.0653;1391.2597; 1397.454;1403.6484;1409.8427;1416.0371;1422.2314;1428.4258;1434.6202;1440.8145;1447.0089;1453.2032;1459.3976;1465.5919;1471.7863;1477.9806; 1484.175;1490.3693;1496.5637;1502.7581;1508.9524;1515.1468;1521.3411;1527.5355;1533.7298;1539.9242;1546.1185;1552.3129;1558.5073;1564.7016; 1570.896;1577.0903;1583.2847; 1589.479;1595.6734;1601.8677;1608.0621;1614.2565;1620.4508;1626.6452;1632.8395;1639.0339;1645.2282;1651.4226;1657.6169;1663.8113;1670.0057;   1676.2
100   ;0.19647 ;0.18551 ;0.17781 ;0.16983 ;0.16121 ;0.1532 ;0.14759 ;0.14342 ;0.14094 ;0.13862 ;0.13767 ;0.13687 ;0.13676 ;0.13541 ;0.13481 ;0.13404 ;0.13234 ;0.13174 ;0.12983 ;0.12892 ;0.1274 ;0.12607 ;0.12515 ;0.12406 ;0.12297 ;0.1221 ;0.12102 ;0.12002 ;0.11905 ;0.11834 ;0.11782 ;0.11702 ;0.11691 ;0.11686 ;0.11721 ;0.11824 ;0.11978 ;0.12215 ;0.12484 ;0.12801 ;0.13135 ;0.13466 ;0.1369 ;0.13924 ;0.14098 ;0.14276 ;0.14413 ;0.14502 ;0.14563 ;0.14559 ;0.14479 ;0.14322 ;0.14142 ;0.1396 ;0.13785 ;0.13646 ;0.13521 ;0.13423 ;0.13346 ;0.13265 ;0.13165 ;0.13064 ;0.12971 ;0.12923 ;0.12928 ;0.12976 ;0.13094 ;0.13291 ;0.1357 ;0.13945 ;0.14396 ;0.14878 ;0.15377 ;0.15868 ;0.16312 ;0.16666 ;0.1703 ;0.17569 ;0.18348 ;0.19406 ;0.20726 ;0.22229 ;0.23777 ;0.25221 ;0.26426 ;0.27377 ;0.2805 ;0.28523 ;0.28869 ;0.29114 ;0.29274 ;0.29374 ;0.2936 ;0.29275 ;0.29155 ;0.28986 ;0.28772 ;0.28529 ;0.28243 ;0.27955 ;0.27695 ;0.2747 ;0.27276 ;0.27128 ;0.26985 ;0.26843 ;0.2674 ;0.26637 ;0.26539 ;0.26425 ;0.26254 ;0.26025 ;0.2576 ;0.25451 ;0.25118 ;0.24819 ;0.24527 ;0.24258 ;0.24048 ;0.23862 ;0.23739 ;0.23684 ;0.2366 ;0.23637 ;0.23608
101   ;0.23463 ;0.22334 ;0.21422 ;0.20492 ;0.19409 ;0.18296 ;0.1758 ;0.17046 ;0.1678 ;0.16399 ;0.16325 ;0.16335 ;0.1648 ;0.1624 ;0.16145 ;0.15981 ;0.15845 ;0.15691 ;0.15411 ;0.15256 ;0.15046 ;0.14848 ;0.14673 ;0.14511 ;0.14376 ;0.14219 ;0.14051 ;0.13947 ;0.13762 ;0.13679 ;0.13554 ;0.13413 ;0.1336 ;0.13298 ;0.1326 ;0.13378 ;0.13515 ;0.13786 ;0.14066 ;0.14497 ;0.14992 ;0.15502 ;0.15855 ;0.16245 ;0.16546 ;0.16853 ;0.1712 ;0.17186 ;0.17187 ;0.17153 ;0.17002 ;0.16783 ;0.16555 ;0.16352 ;0.16176 ;0.16033 ;0.1589 ;0.1578 ;0.15684 ;0.15586 ;0.15423 ;0.15244 ;0.15069 ;0.1497 ;0.14956 ;0.15008 ;0.15169 ;0.1543 ;0.15805 ;0.16331 ;0.16982 ;0.17709 ;0.18453 ;0.19172 ;0.19813 ;0.20272 ;0.20654 ;0.21191 ;0.22033 ;0.23282 ;0.24939 ;0.26966 ;0.29273 ;0.31693 ;0.34256 ;0.36471 ;0.37463 ;0.37633 ;0.37727 ;0.37937 ;0.3818 ;0.38407 ;0.38494 ;0.38463 ;0.38377 ;0.38209 ;0.37982 ;0.37715 ;0.37414 ;0.37127 ;0.3685 ;0.36592 ;0.36345 ;0.36171 ;0.36029 ;0.35934 ;0.35889 ;0.35831 ;0.3577 ;0.35654 ;0.35427 ;0.35065 ;0.3463 ;0.34105 ;0.33539 ;0.33006 ;0.32471 ;0.31956 ;0.31529 ;0.31118 ;0.3077 ;0.30473 ;0.30166 ;0.29791 ;0.29368
102   ;0.16402 ;0.15591 ;0.14897 ;0.1416 ;0.1343 ;0.12689 ;0.12095 ;0.11771 ;0.11532 ;0.11294 ;0.1121 ;0.11163 ;0.11145 ;0.10987 ;0.10973 ;0.10868 ;0.1077 ;0.10691 ;0.10521 ;0.104 ;0.10292 ;0.10195 ;0.10076 ;0.09984 ;0.09921 ;0.09802 ;0.09722 ;0.09639 ;0.09561 ;0.09489 ;0.09447 ;0.0939 ;0.09385 ;0.09386 ;0.09418 ;0.09558 ;0.09712 ;0.0997 ;0.1022 ;0.10544 ;0.10872 ;0.11202 ;0.11405 ;0.11615 ;0.11788 ;0.11947 ;0.12064 ;0.12131 ;0.12185 ;0.1218 ;0.12096 ;0.11947 ;0.11787 ;0.11609 ;0.11441 ;0.11317 ;0.11199 ;0.11115 ;0.11041 ;0.10974 ;0.10885 ;0.10801 ;0.10717 ;0.10679 ;0.10694 ;0.10746 ;0.10869 ;0.11062 ;0.11329 ;0.11689 ;0.12123 ;0.12585 ;0.13043 ;0.135 ;0.13912 ;0.14243 ;0.14594 ;0.15103 ;0.15837 ;0.16836 ;0.18062 ;0.19442 ;0.20859 ;0.22159 ;0.23232 ;0.24074 ;0.24664 ;0.25085 ;0.25386 ;0.25602 ;0.2574 ;0.25831 ;0.25819 ;0.25729 ;0.25615 ;0.25466 ;0.25268 ;0.2505 ;0.2479 ;0.24527 ;0.24289 ;0.24085 ;0.23899 ;0.23757 ;0.23615 ;0.2348 ;0.23372 ;0.23268 ;0.23175 ;0.2306 ;0.22898 ;0.22684 ;0.22433 ;0.22144 ;0.21835 ;0.21554 ;0.21279 ;0.21031 ;0.20836 ;0.20664 ;0.20556 ;0.20497 ;0.20456 ;0.20381 ;0.2026
103   ;0.20033 ;0.19059 ;0.1834 ;0.17599 ;0.1688 ;0.16129 ;0.15645 ;0.15321 ;0.15055 ;0.14815 ;0.14759 ;0.14683 ;0.14607 ;0.14455 ;0.14417 ;0.14351 ;0.14203 ;0.14092 ;0.13957 ;0.13827 ;0.13714 ;0.1358 ;0.13477 ;0.13373 ;0.13274 ;0.13177 ;0.13089 ;0.1297 ;0.12878 ;0.12797 ;0.12738 ;0.12678 ;0.12617 ;0.12598 ;0.12584 ;0.12668 ;0.12778 ;0.12952 ;0.13158 ;0.13425 ;0.13703 ;0.13966 ;0.14172 ;0.14376 ;0.14539 ;0.14702 ;0.14831 ;0.14899 ;0.14954 ;0.14939 ;0.14834 ;0.14664 ;0.14464 ;0.14282 ;0.14105 ;0.1397 ;0.13854 ;0.13749 ;0.1367 ;0.13599 ;0.13501 ;0.13401 ;0.1331 ;0.13256 ;0.13254 ;0.13292 ;0.13384 ;0.13553 ;0.13792 ;0.14118 ;0.14531 ;0.1498 ;0.15432 ;0.15893 ;0.16309 ;0.16651 ;0.17014 ;0.17539 ;0.18305 ;0.19336 ;0.2063 ;0.22103 ;0.23609 ;0.25021 ;0.26204 ;0.27142 ;0.27796 ;0.28241 ;0.28563 ;0.28794 ;0.28947 ;0.2903 ;0.29011 ;0.28919 ;0.28801 ;0.28633 ;0.28414 ;0.28178 ;0.27896 ;0.27612 ;0.27366 ;0.27139 ;0.26948 ;0.2681 ;0.26667 ;0.26531 ;0.26423 ;0.26322 ;0.26223 ;0.26105 ;0.25937 ;0.25703 ;0.25442 ;0.25133 ;0.24805 ;0.24506 ;0.24207 ;0.23945 ;0.23733 ;0.23547 ;0.23418 ;0.23365 ;0.23349 ;0.23349 ;0.23365
104   ;0.31393 ;0.29698 ;0.28454 ;0.27004 ;0.25468 ;0.2408 ;0.22992 ;0.22368 ;0.21911 ;0.21443 ;0.2138 ;0.21389 ;0.21435 ;0.21279 ;0.21198 ;0.21007 ;0.20779 ;0.20556 ;0.20216 ;0.19922 ;0.19627 ;0.19339 ;0.19093 ;0.18875 ;0.18678 ;0.18472 ;0.18251 ;0.18116 ;0.17853 ;0.17741 ;0.17608 ;0.17435 ;0.1737 ;0.17304 ;0.17286 ;0.17443 ;0.17656 ;0.18057 ;0.18519 ;0.19173 ;0.19889 ;0.20605 ;0.21132 ;0.21674 ;0.221 ;0.22518 ;0.22872 ;0.23008 ;0.23062 ;0.2304 ;0.22877 ;0.22613 ;0.2234 ;0.22054 ;0.21811 ;0.21626 ;0.21434 ;0.21279 ;0.2113 ;0.20984 ;0.20771 ;0.20561 ;0.20372 ;0.20278 ;0.20295 ;0.20399 ;0.20659 ;0.21057 ;0.21614 ;0.22362 ;0.2326 ;0.24228 ;0.252 ;0.2614 ;0.26942 ;0.27548 ;0.28138 ;0.28993 ;0.30293 ;0.32169 ;0.34601 ;0.37473 ;0.40615 ;0.43728 ;0.46621 ;0.49031 ;0.50521 ;0.51336 ;0.51873 ;0.52288 ;0.52554 ;0.52732 ;0.52675 ;0.52478 ;0.52221 ;0.51856 ;0.51446 ;0.50998 ;0.50513 ;0.50068 ;0.49657 ;0.49328 ;0.49034 ;0.48831 ;0.48657 ;0.48516 ;0.48398 ;0.48249 ;0.48083 ;0.47862 ;0.4752 ;0.47068 ;0.46563 ;0.45954 ;0.4529 ;0.44658 ;0.44029 ;0.43414 ;0.4288 ;0.42364 ;0.41917 ;0.41534 ;0.4116 ;0.40729 ;0.40266
105   ;0.19685 ;0.19133 ;0.18645 ;0.18151 ;0.17711 ;0.17128 ;0.16757 ;0.16509 ;0.16346 ;0.16087 ;0.15974 ;0.15867 ;0.15826 ;0.15638 ;0.15596 ;0.15449 ;0.15332 ;0.15186 ;0.14983 ;0.14858 ;0.14709 ;0.1456 ;0.14448 ;0.14344 ;0.14221 ;0.14126 ;0.13974 ;0.13884 ;0.13716 ;0.13654 ;0.13568 ;0.13438 ;0.13383 ;0.13311 ;0.13276 ;0.13309 ;0.13339 ;0.13455 ;0.13577 ;0.13756 ;0.13942 ;0.14128 ;0.14245 ;0.14359 ;0.14446 ;0.1454 ;0.14612 ;0.14628 ;0.14638 ;0.14605 ;0.1451 ;0.14331 ;0.14167 ;0.14 ;0.13841 ;0.13709 ;0.13598 ;0.13482 ;0.13393 ;0.13314 ;0.13211 ;0.13114 ;0.13021 ;0.12966 ;0.12945 ;0.12963 ;0.1303 ;0.13155 ;0.13353 ;0.13616 ;0.13948 ;0.14321 ;0.14695 ;0.15077 ;0.15426 ;0.1572 ;0.16043 ;0.16524 ;0.17203 ;0.1814 ;0.1931 ;0.20624 ;0.21969 ;0.23208 ;0.24229 ;0.25015 ;0.2556 ;0.25935 ;0.2621 ;0.26394 ;0.26498 ;0.26566 ;0.26513 ;0.26408 ;0.26279 ;0.26105 ;0.25893 ;0.25664 ;0.25395 ;0.25124 ;0.2488 ;0.2467 ;0.24489 ;0.24351 ;0.24208 ;0.24074 ;0.23965 ;0.23857 ;0.23758 ;0.23648 ;0.23482 ;0.23274 ;0.23033 ;0.22763 ;0.22458 ;0.22198 ;0.21937 ;0.21707 ;0.2153 ;0.21374 ;0.21284 ;0.21263 ;0.21288 ;0.21323 ;0.21362
106   ;0.23914 ;0.22612 ;0.21576 ;0.20495 ;0.19382 ;0.18389 ;0.17757 ;0.17289 ;0.17013 ;0.16667 ;0.16628 ;0.16617 ;0.16683 ;0.16547 ;0.16464 ;0.16282 ;0.16196 ;0.16035 ;0.15797 ;0.15615 ;0.15453 ;0.15268 ;0.15112 ;0.14994 ;0.14863 ;0.14712 ;0.14568 ;0.14467 ;0.14308 ;0.14208 ;0.14121 ;0.13991 ;0.13935 ;0.13889 ;0.13875 ;0.13969 ;0.14103 ;0.14333 ;0.14597 ;0.14967 ;0.15413 ;0.15853 ;0.16178 ;0.1649 ;0.16749 ;0.17016 ;0.17254 ;0.17326 ;0.17342 ;0.17317 ;0.17187 ;0.16992 ;0.16777 ;0.16572 ;0.16407 ;0.16262 ;0.16132 ;0.15999 ;0.15902 ;0.15802 ;0.15637 ;0.15469 ;0.1532 ;0.1523 ;0.15205 ;0.15253 ;0.15395 ;0.1563 ;0.1599 ;0.16472 ;0.17082 ;0.17766 ;0.18455 ;0.19126 ;0.19706 ;0.20134 ;0.20511 ;0.21061 ;0.21906 ;0.23157 ;0.24817 ;0.26827 ;0.29078 ;0.31376 ;0.33719 ;0.35708 ;0.36696 ;0.37023 ;0.37223 ;0.37466 ;0.3768 ;0.37864 ;0.379 ;0.37807 ;0.37669 ;0.37464 ;0.372 ;0.36891 ;0.3655 ;0.36238 ;0.3594 ;0.3567 ;0.35424 ;0.35259 ;0.35103 ;0.34984 ;0.34911 ;0.34821 ;0.34727 ;0.34587 ;0.3434 ;0.33987 ;0.33555 ;0.33053 ;0.32503 ;0.31991 ;0.31479 ;0.31008 ;0.30618 ;0.30255 ;0.29982 ;0.2977 ;0.2962 ;0.29495 ;0.29402
107   ;0.19202 ;0.17981 ;0.17041 ;0.16096 ;0.15052 ;0.14186 ;0.13536 ;0.13092 ;0.12847 ;0.127 ;0.1268 ;0.1276 ;0.12803 ;0.12761 ;0.12684 ;0.12577 ;0.12482 ;0.12372 ;0.12235 ;0.12102 ;0.11994 ;0.11842 ;0.11716 ;0.11608 ;0.11487 ;0.11398 ;0.11278 ;0.11193 ;0.1108 ;0.11017 ;0.10927 ;0.10827 ;0.10818 ;0.10804 ;0.10862 ;0.11019 ;0.11241 ;0.11511 ;0.11785 ;0.12172 ;0.12616 ;0.13005 ;0.13318 ;0.13599 ;0.13855 ;0.14114 ;0.14327 ;0.14435 ;0.14488 ;0.14507 ;0.14422 ;0.14269 ;0.14085 ;0.13896 ;0.13724 ;0.13583 ;0.13452 ;0.13335 ;0.13255 ;0.13153 ;0.13004 ;0.12848 ;0.12706 ;0.12621 ;0.12601 ;0.12648 ;0.12781 ;0.13 ;0.13338 ;0.13805 ;0.14391 ;0.15032 ;0.15673 ;0.1629 ;0.16831 ;0.17213 ;0.17531 ;0.17997 ;0.1874 ;0.19815 ;0.2122 ;0.22901 ;0.24742 ;0.26591 ;0.28407 ;0.29927 ;0.30728 ;0.31026 ;0.31245 ;0.3148 ;0.31703 ;0.31896 ;0.31972 ;0.3195 ;0.31878 ;0.31742 ;0.31536 ;0.31301 ;0.31023 ;0.3074 ;0.3049 ;0.30258 ;0.30053 ;0.29904 ;0.29755 ;0.29639 ;0.29565 ;0.29483 ;0.29398 ;0.29292 ;0.29088 ;0.28789 ;0.28424 ;0.27992 ;0.27526 ;0.27086 ;0.26655 ;0.2627 ;0.25957 ;0.25684 ;0.25487 ;0.25363 ;0.25265 ;0.25163 ;0.25046
108   ;0.20547 ;0.19989 ;0.19627 ;0.19083 ;0.18487 ;0.18018 ;0.17684 ;0.17332 ;0.17103 ;0.16782 ;0.16659 ;0.16507 ;0.16358 ;0.16121 ;0.15986 ;0.15782 ;0.15614 ;0.15423 ;0.15192 ;0.14989 ;0.14796 ;0.14619 ;0.14458 ;0.14312 ;0.14186 ;0.14003 ;0.13857 ;0.13724 ;0.13554 ;0.13452 ;0.13333 ;0.13191 ;0.13136 ;0.13042 ;0.12989 ;0.13024 ;0.13073 ;0.13187 ;0.13336 ;0.13531 ;0.13754 ;0.13951 ;0.14058 ;0.14157 ;0.14236 ;0.14315 ;0.14398 ;0.14398 ;0.14408 ;0.14382 ;0.14264 ;0.14109 ;0.13938 ;0.13765 ;0.13595 ;0.13438 ;0.13313 ;0.13183 ;0.13088 ;0.12993 ;0.12878 ;0.12778 ;0.12693 ;0.12638 ;0.12636 ;0.12683 ;0.12795 ;0.12981 ;0.13245 ;0.13589 ;0.14002 ;0.14431 ;0.1486 ;0.1529 ;0.15686 ;0.16038 ;0.16459 ;0.17113 ;0.18036 ;0.19273 ;0.20752 ;0.22333 ;0.23877 ;0.2523 ;0.26317 ;0.27157 ;0.27724 ;0.28117 ;0.28394 ;0.28577 ;0.2866 ;0.28684 ;0.28587 ;0.28403 ;0.28192 ;0.27933 ;0.27638 ;0.27319 ;0.26964 ;0.26618 ;0.26302 ;0.26022 ;0.25778 ;0.25584 ;0.25387 ;0.25204 ;0.25046 ;0.24881 ;0.24736 ;0.24573 ;0.24369 ;0.24105 ;0.2381 ;0.23478 ;0.23116 ;0.22792 ;0.22475 ;0.22189 ;0.21971 ;0.21787 ;0.21682 ;0.21647 ;0.21657 ;0.21692 ;0.21722
109   ;0.23285 ;0.22454 ;0.21884 ;0.21094 ;0.20404 ;0.1966 ;0.19172 ;0.18801 ;0.18511 ;0.18086 ;0.18014 ;0.17807 ;0.17656 ;0.17383 ;0.17275 ;0.17031 ;0.16854 ;0.16626 ;0.16339 ;0.16114 ;0.159 ;0.15682 ;0.15494 ;0.15349 ;0.15181 ;0.14997 ;0.14832 ;0.14691 ;0.14506 ;0.1439 ;0.1428 ;0.14135 ;0.14066 ;0.14 ;0.13983 ;0.14065 ;0.14181 ;0.1439 ;0.14655 ;0.15 ;0.15344 ;0.15644 ;0.15813 ;0.15944 ;0.16072 ;0.1619 ;0.16288 ;0.16309 ;0.16335 ;0.16308 ;0.16198 ;0.16017 ;0.15818 ;0.15616 ;0.15428 ;0.15264 ;0.15124 ;0.14985 ;0.14881 ;0.14793 ;0.14674 ;0.14579 ;0.14509 ;0.14494 ;0.14538 ;0.1465 ;0.14852 ;0.15143 ;0.15536 ;0.16016 ;0.16563 ;0.17128 ;0.17667 ;0.18201 ;0.18702 ;0.19165 ;0.1975 ;0.20639 ;0.21886 ;0.23499 ;0.25361 ;0.27261 ;0.29047 ;0.30578 ;0.31765 ;0.32648 ;0.33237 ;0.33634 ;0.33899 ;0.34063 ;0.34112 ;0.341 ;0.33934 ;0.33671 ;0.33385 ;0.33053 ;0.3269 ;0.32294 ;0.31874 ;0.31478 ;0.31104 ;0.30787 ;0.30488 ;0.30249 ;0.30022 ;0.29788 ;0.29583 ;0.2938 ;0.29191 ;0.28997 ;0.28746 ;0.2845 ;0.2812 ;0.27757 ;0.27354 ;0.26997 ;0.26656 ;0.26349 ;0.26115 ;0.25917 ;0.25799 ;0.25752 ;0.25757 ;0.25783 ;0.25801
110   ;0.22566 ;0.21088 ;0.19939 ;0.18636 ;0.17416 ;0.16298 ;0.15471 ;0.14952 ;0.14579 ;0.14285 ;0.14203 ;0.14202 ;0.14314 ;0.14126 ;0.14018 ;0.13878 ;0.13699 ;0.13538 ;0.13293 ;0.13089 ;0.12894 ;0.12668 ;0.125 ;0.12346 ;0.1219 ;0.12043 ;0.11886 ;0.11771 ;0.11585 ;0.1148 ;0.11405 ;0.1128 ;0.11213 ;0.11183 ;0.11187 ;0.11345 ;0.11558 ;0.11901 ;0.12281 ;0.12791 ;0.13375 ;0.13927 ;0.14324 ;0.14718 ;0.15063 ;0.15392 ;0.15658 ;0.1575 ;0.15792 ;0.15768 ;0.15628 ;0.15426 ;0.15202 ;0.1499 ;0.14812 ;0.14664 ;0.14523 ;0.14398 ;0.14305 ;0.14197 ;0.14022 ;0.13853 ;0.13708 ;0.13623 ;0.13623 ;0.13705 ;0.13898 ;0.142 ;0.14634 ;0.15206 ;0.15895 ;0.16654 ;0.17409 ;0.18141 ;0.1878 ;0.19264 ;0.19707 ;0.20338 ;0.21305 ;0.22698 ;0.24507 ;0.26646 ;0.29004 ;0.3137 ;0.33728 ;0.35739 ;0.36746 ;0.37083 ;0.37297 ;0.37548 ;0.37763 ;0.37941 ;0.37962 ;0.37857 ;0.37717 ;0.37479 ;0.37196 ;0.36881 ;0.36533 ;0.36204 ;0.3589 ;0.35621 ;0.35357 ;0.3519 ;0.35022 ;0.349 ;0.34825 ;0.34727 ;0.34625 ;0.34481 ;0.34224 ;0.33866 ;0.33445 ;0.32942 ;0.32391 ;0.31877 ;0.31356 ;0.3087 ;0.30468 ;0.30081 ;0.29775 ;0.2954 ;0.29363 ;0.29203 ;0.29085
111   ;0.18687 ;0.17937 ;0.17514 ;0.16945 ;0.16395 ;0.15717 ;0.15244 ;0.14918 ;0.14695 ;0.14414 ;0.1433 ;0.14268 ;0.14234 ;0.14032 ;0.14014 ;0.13891 ;0.13781 ;0.13695 ;0.13434 ;0.13319 ;0.13158 ;0.13016 ;0.12894 ;0.12771 ;0.12687 ;0.12561 ;0.12427 ;0.12358 ;0.12218 ;0.12139 ;0.12074 ;0.11966 ;0.11931 ;0.11884 ;0.11868 ;0.11958 ;0.12061 ;0.12254 ;0.12446 ;0.127 ;0.12966 ;0.13234 ;0.13385 ;0.13559 ;0.137 ;0.13835 ;0.13954 ;0.14008 ;0.14051 ;0.14042 ;0.13952 ;0.13798 ;0.13627 ;0.13438 ;0.13262 ;0.13126 ;0.13004 ;0.12902 ;0.1281 ;0.12737 ;0.12639 ;0.12546 ;0.12449 ;0.12403 ;0.12412 ;0.12441 ;0.12553 ;0.1273 ;0.12979 ;0.13316 ;0.13728 ;0.14179 ;0.14632 ;0.15087 ;0.15501 ;0.15837 ;0.16204 ;0.1675 ;0.17528 ;0.18578 ;0.19867 ;0.21286 ;0.22709 ;0.24029 ;0.25121 ;0.2597 ;0.26561 ;0.26973 ;0.27269 ;0.27477 ;0.27598 ;0.27671 ;0.27633 ;0.27519 ;0.27392 ;0.27213 ;0.26994 ;0.2676 ;0.26471 ;0.26196 ;0.2594 ;0.25722 ;0.25529 ;0.25385 ;0.25244 ;0.25113 ;0.25 ;0.24896 ;0.24795 ;0.24679 ;0.24511 ;0.24281 ;0.24033 ;0.23733 ;0.23417 ;0.23128 ;0.22845 ;0.22587 ;0.22391 ;0.22202 ;0.22077 ;0.21996 ;0.21908 ;0.21763 ;0.21545
112   ;0.37533 ;0.36411 ;0.35739 ;0.34665 ;0.33769 ;0.32821 ;0.32271 ;0.31811 ;0.31505 ;0.31046 ;0.30881 ;0.30737 ;0.30604 ;0.30331 ;0.3022 ;0.2995 ;0.29727 ;0.29437 ;0.29044 ;0.2872 ;0.28444 ;0.2812 ;0.27838 ;0.2762 ;0.2738 ;0.27114 ;0.26807 ;0.26628 ;0.26312 ;0.26106 ;0.25889 ;0.2562 ;0.25456 ;0.25252 ;0.25081 ;0.25039 ;0.24981 ;0.25049 ;0.25183 ;0.25448 ;0.2575 ;0.2609 ;0.26312 ;0.26534 ;0.26696 ;0.2687 ;0.27011 ;0.27009 ;0.26953 ;0.26838 ;0.26619 ;0.2633 ;0.26022 ;0.25709 ;0.25424 ;0.25174 ;0.24943 ;0.24705 ;0.24492 ;0.24286 ;0.24038 ;0.23797 ;0.23579 ;0.23427 ;0.23351 ;0.23352 ;0.23467 ;0.23703 ;0.24074 ;0.24599 ;0.25253 ;0.25978 ;0.26721 ;0.2744 ;0.28059 ;0.2854 ;0.29065 ;0.2989 ;0.31145 ;0.32969 ;0.35353 ;0.38153 ;0.41181 ;0.44114 ;0.4671 ;0.48837 ;0.50321 ;0.51364 ;0.52062 ;0.52503 ;0.52719 ;0.52804 ;0.52664 ;0.52368 ;0.52016 ;0.51574 ;0.51082 ;0.50563 ;0.50014 ;0.49518 ;0.49069 ;0.48709 ;0.48395 ;0.48209 ;0.48019 ;0.47851 ;0.47705 ;0.47515 ;0.47305 ;0.47042 ;0.4668 ;0.46243 ;0.45747 ;0.45188 ;0.44566 ;0.43977 ;0.43383 ;0.42811 ;0.42327 ;0.41849 ;0.41461 ;0.41147 ;0.40922 ;0.40732 ;0.40618
113   ;0.29349 ;0.27618 ;0.26113 ;0.24724 ;0.23205 ;0.21997 ;0.21088 ;0.20417 ;0.19966 ;0.19653 ;0.19489 ;0.19521 ;0.19527 ;0.19329 ;0.19172 ;0.18953 ;0.18691 ;0.18519 ;0.18191 ;0.17911 ;0.17654 ;0.17374 ;0.17138 ;0.1693 ;0.16714 ;0.1651 ;0.16307 ;0.16114 ;0.15945 ;0.15775 ;0.15652 ;0.15486 ;0.15391 ;0.15315 ;0.15262 ;0.15385 ;0.15594 ;0.15923 ;0.16326 ;0.16899 ;0.17569 ;0.182 ;0.18693 ;0.19154 ;0.19556 ;0.19929 ;0.20218 ;0.20347 ;0.20386 ;0.20319 ;0.2016 ;0.19902 ;0.19615 ;0.19361 ;0.19142 ;0.18945 ;0.18769 ;0.18615 ;0.18489 ;0.18344 ;0.18148 ;0.1794 ;0.17762 ;0.17663 ;0.17666 ;0.17759 ;0.17985 ;0.18357 ;0.1887 ;0.19557 ;0.20382 ;0.2127 ;0.22172 ;0.2304 ;0.23793 ;0.24375 ;0.24932 ;0.25736 ;0.26969 ;0.28726 ;0.30985 ;0.33654 ;0.36551 ;0.39428 ;0.42195 ;0.44514 ;0.45831 ;0.46424 ;0.46822 ;0.47167 ;0.47421 ;0.47583 ;0.47572 ;0.47409 ;0.47179 ;0.46866 ;0.46485 ;0.46079 ;0.45644 ;0.45226 ;0.44855 ;0.44527 ;0.44233 ;0.4403 ;0.43851 ;0.43705 ;0.43603 ;0.43489 ;0.4334 ;0.43158 ;0.42852 ;0.42426 ;0.41942 ;0.41369 ;0.40751 ;0.40156 ;0.39559 ;0.39 ;0.38511 ;0.38049 ;0.37666 ;0.37382 ;0.37143 ;0.36959 ;0.3686
114   ;0.27874 ;0.27146 ;0.26498 ;0.25796 ;0.25099 ;0.24425 ;0.2394 ;0.23543 ;0.23202 ;0.22937 ;0.22757 ;0.2261 ;0.22511 ;0.22229 ;0.22137 ;0.2193 ;0.217 ;0.21476 ;0.21161 ;0.20934 ;0.20686 ;0.20465 ;0.20202 ;0.2 ;0.198 ;0.19592 ;0.19375 ;0.19171 ;0.18972 ;0.18792 ;0.18616 ;0.18443 ;0.18307 ;0.18139 ;0.18016 ;0.1799 ;0.17983 ;0.18059 ;0.18188 ;0.18394 ;0.18652 ;0.18917 ;0.19105 ;0.19276 ;0.1942 ;0.19564 ;0.19674 ;0.19698 ;0.19677 ;0.19601 ;0.19453 ;0.19236 ;0.19003 ;0.18771 ;0.18547 ;0.18352 ;0.18184 ;0.18022 ;0.17873 ;0.17718 ;0.17552 ;0.17383 ;0.17223 ;0.17125 ;0.17082 ;0.17092 ;0.172 ;0.17401 ;0.177 ;0.18111 ;0.18619 ;0.19182 ;0.19751 ;0.203 ;0.20792 ;0.21183 ;0.21591 ;0.22211 ;0.23148 ;0.24471 ;0.26177 ;0.28156 ;0.30258 ;0.32268 ;0.34027 ;0.3545 ;0.3644 ;0.37092 ;0.37553 ;0.3786 ;0.38033 ;0.38111 ;0.38049 ;0.37879 ;0.37656 ;0.3738 ;0.37044 ;0.36701 ;0.36327 ;0.35975 ;0.35667 ;0.35403 ;0.35187 ;0.35035 ;0.34889 ;0.34754 ;0.34641 ;0.34503 ;0.34367 ;0.34199 ;0.33956 ;0.33643 ;0.33296 ;0.32896 ;0.32452 ;0.32048 ;0.31633 ;0.3124 ;0.30911 ;0.30596 ;0.30338 ;0.30147 ;0.30004 ;0.2989 ;0.29816
115   ;0.21253 ;0.20387 ;0.19654 ;0.18868 ;0.18034 ;0.17215 ;0.16677 ;0.1626 ;0.1599 ;0.15668 ;0.15567 ;0.15551 ;0.15554 ;0.15359 ;0.15223 ;0.1511 ;0.14932 ;0.14797 ;0.14528 ;0.1438 ;0.1419 ;0.1401 ;0.13852 ;0.13701 ;0.13547 ;0.13388 ;0.13248 ;0.13112 ;0.1296 ;0.12836 ;0.12738 ;0.12595 ;0.12523 ;0.12448 ;0.12414 ;0.12461 ;0.12549 ;0.12734 ;0.12959 ;0.1326 ;0.13623 ;0.13991 ;0.14233 ;0.14503 ;0.14712 ;0.14931 ;0.15119 ;0.15157 ;0.15149 ;0.15103 ;0.14966 ;0.14763 ;0.14554 ;0.14365 ;0.14199 ;0.14056 ;0.13912 ;0.13799 ;0.13706 ;0.13609 ;0.13475 ;0.13329 ;0.13189 ;0.13106 ;0.13089 ;0.13125 ;0.13254 ;0.13469 ;0.13771 ;0.14195 ;0.14717 ;0.15291 ;0.15877 ;0.16454 ;0.16962 ;0.17356 ;0.17722 ;0.18233 ;0.19023 ;0.20158 ;0.2162 ;0.23359 ;0.25267 ;0.27207 ;0.29179 ;0.30863 ;0.31678 ;0.31893 ;0.32036 ;0.32236 ;0.32438 ;0.32606 ;0.32644 ;0.32592 ;0.3249 ;0.32325 ;0.32102 ;0.31851 ;0.31563 ;0.31291 ;0.31038 ;0.30799 ;0.3057 ;0.3041 ;0.30265 ;0.30145 ;0.30089 ;0.30025 ;0.29952 ;0.29844 ;0.29647 ;0.29352 ;0.28998 ;0.28574 ;0.28114 ;0.2769 ;0.27258 ;0.26849 ;0.26508 ;0.26188 ;0.25919 ;0.25695 ;0.25486 ;0.25241 ;0.24988
116   ;0.22458 ;0.21985 ;0.2181 ;0.21375 ;0.20956 ;0.20532 ;0.20213 ;0.19903 ;0.19798 ;0.19508 ;0.19422 ;0.19309 ;0.19316 ;0.19112 ;0.18981 ;0.18862 ;0.18641 ;0.18502 ;0.1825 ;0.18108 ;0.17908 ;0.17719 ;0.17551 ;0.17384 ;0.17227 ;0.17053 ;0.16872 ;0.16723 ;0.16539 ;0.16403 ;0.16269 ;0.16088 ;0.15974 ;0.15835 ;0.15726 ;0.15702 ;0.15684 ;0.15728 ;0.15786 ;0.15902 ;0.16062 ;0.1624 ;0.16322 ;0.16434 ;0.16508 ;0.16586 ;0.16668 ;0.16643 ;0.16594 ;0.16521 ;0.16383 ;0.16202 ;0.15989 ;0.15802 ;0.15615 ;0.15453 ;0.15296 ;0.1516 ;0.1504 ;0.14914 ;0.14762 ;0.14609 ;0.14448 ;0.14337 ;0.1428 ;0.14257 ;0.14297 ;0.14415 ;0.14603 ;0.14895 ;0.15283 ;0.15717 ;0.16173 ;0.16624 ;0.17027 ;0.17329 ;0.176 ;0.18014 ;0.18664 ;0.19627 ;0.20895 ;0.2243 ;0.2414 ;0.25876 ;0.27641 ;0.29134 ;0.29829 ;0.3 ;0.30101 ;0.30251 ;0.30399 ;0.30525 ;0.30531 ;0.30452 ;0.30333 ;0.30166 ;0.29939 ;0.29696 ;0.29419 ;0.29156 ;0.28904 ;0.28679 ;0.28472 ;0.28322 ;0.28183 ;0.28077 ;0.28013 ;0.27937 ;0.27863 ;0.27746 ;0.27551 ;0.27262 ;0.26919 ;0.26514 ;0.26079 ;0.25671 ;0.25266 ;0.24891 ;0.24581 ;0.24295 ;0.24073 ;0.23908 ;0.23755 ;0.23585 ;0.23402
117   ;0.25341 ;0.25622 ;0.26183 ;0.26452 ;0.26548 ;0.26347 ;0.26196 ;0.26046 ;0.25948 ;0.25456 ;0.25252 ;0.2497 ;0.24896 ;0.24441 ;0.24271 ;0.23977 ;0.23697 ;0.23448 ;0.23016 ;0.22732 ;0.22432 ;0.22139 ;0.21898 ;0.21611 ;0.21404 ;0.2112 ;0.20836 ;0.20634 ;0.2032 ;0.20147 ;0.19932 ;0.19636 ;0.19508 ;0.19295 ;0.19108 ;0.19047 ;0.1891 ;0.18925 ;0.18883 ;0.18945 ;0.1897 ;0.19022 ;0.18952 ;0.18954 ;0.18912 ;0.18895 ;0.18905 ;0.1883 ;0.18765 ;0.18684 ;0.18553 ;0.1837 ;0.18184 ;0.17976 ;0.17759 ;0.17595 ;0.1741 ;0.17241 ;0.17087 ;0.1696 ;0.16808 ;0.16671 ;0.16527 ;0.16427 ;0.16386 ;0.16363 ;0.1641 ;0.16515 ;0.16671 ;0.16903 ;0.17202 ;0.17525 ;0.17857 ;0.18212 ;0.18541 ;0.18821 ;0.19177 ;0.19753 ;0.20607 ;0.21777 ;0.23179 ;0.24673 ;0.26137 ;0.27427 ;0.28445 ;0.29238 ;0.29766 ;0.30144 ;0.30411 ;0.30591 ;0.3069 ;0.30738 ;0.30656 ;0.30487 ;0.30299 ;0.30057 ;0.29768 ;0.29455 ;0.29102 ;0.28763 ;0.28437 ;0.28153 ;0.27892 ;0.27687 ;0.2748 ;0.27289 ;0.27115 ;0.26951 ;0.26804 ;0.26647 ;0.2643 ;0.2616 ;0.25858 ;0.25506 ;0.25131 ;0.24787 ;0.24454 ;0.24149 ;0.23916 ;0.23691 ;0.23529 ;0.23394 ;0.23229 ;0.22965 ;0.2257
118   ;0.23443 ;0.22404 ;0.21634 ;0.20626 ;0.1978 ;0.18912 ;0.18262 ;0.17858 ;0.17586 ;0.17232 ;0.17175 ;0.17042 ;0.17006 ;0.16812 ;0.16713 ;0.16552 ;0.1642 ;0.16217 ;0.15953 ;0.1579 ;0.15605 ;0.15377 ;0.15228 ;0.15082 ;0.14925 ;0.14741 ;0.14578 ;0.14465 ;0.14278 ;0.14153 ;0.14053 ;0.13906 ;0.13815 ;0.13741 ;0.13683 ;0.13736 ;0.13807 ;0.14007 ;0.14205 ;0.14527 ;0.14878 ;0.15269 ;0.15507 ;0.15757 ;0.15976 ;0.16175 ;0.16359 ;0.1641 ;0.16423 ;0.16385 ;0.16237 ;0.16036 ;0.15813 ;0.15597 ;0.15396 ;0.15231 ;0.15086 ;0.14949 ;0.14835 ;0.14715 ;0.14555 ;0.14398 ;0.14256 ;0.14168 ;0.14143 ;0.14182 ;0.14319 ;0.14547 ;0.14873 ;0.15326 ;0.15884 ;0.16491 ;0.17111 ;0.1772 ;0.18255 ;0.18669 ;0.19075 ;0.19673 ;0.20563 ;0.21826 ;0.23457 ;0.25361 ;0.27418 ;0.29427 ;0.31288 ;0.32821 ;0.33737 ;0.34223 ;0.34555 ;0.34821 ;0.35006 ;0.3513 ;0.35113 ;0.34994 ;0.34832 ;0.34607 ;0.34337 ;0.34029 ;0.33688 ;0.33367 ;0.33065 ;0.32818 ;0.32592 ;0.32435 ;0.32285 ;0.32161 ;0.32071 ;0.31964 ;0.31859 ;0.31712 ;0.31488 ;0.31191 ;0.30833 ;0.30428 ;0.2997 ;0.29554 ;0.29134 ;0.28739 ;0.28415 ;0.28107 ;0.27868 ;0.27703 ;0.2759 ;0.27493 ;0.27412
119   ;0.19934 ;0.19321 ;0.18926 ;0.18385 ;0.17861 ;0.17306 ;0.16882 ;0.16569 ;0.16357 ;0.16212 ;0.16068 ;0.16007 ;0.15993 ;0.15858 ;0.15755 ;0.15604 ;0.15484 ;0.15314 ;0.15163 ;0.15016 ;0.14871 ;0.14709 ;0.1458 ;0.14422 ;0.14318 ;0.14184 ;0.14011 ;0.1393 ;0.13757 ;0.13677 ;0.13551 ;0.13424 ;0.13355 ;0.13255 ;0.13201 ;0.1321 ;0.13265 ;0.13356 ;0.13447 ;0.13621 ;0.13828 ;0.14027 ;0.14177 ;0.14311 ;0.14424 ;0.14561 ;0.14664 ;0.1469 ;0.14698 ;0.14667 ;0.1456 ;0.14384 ;0.14203 ;0.14011 ;0.13845 ;0.13699 ;0.13562 ;0.13441 ;0.1334 ;0.13232 ;0.13091 ;0.12951 ;0.12823 ;0.12723 ;0.12676 ;0.12674 ;0.12741 ;0.12872 ;0.13085 ;0.13407 ;0.13827 ;0.14288 ;0.14763 ;0.15236 ;0.15647 ;0.15945 ;0.16214 ;0.16616 ;0.17255 ;0.18185 ;0.19403 ;0.20852 ;0.22432 ;0.24016 ;0.25546 ;0.2682 ;0.27505 ;0.27778 ;0.27978 ;0.28177 ;0.28365 ;0.28507 ;0.28551 ;0.28512 ;0.28428 ;0.28292 ;0.2809 ;0.2786 ;0.27602 ;0.27341 ;0.2711 ;0.26884 ;0.26699 ;0.26561 ;0.2642 ;0.26303 ;0.26231 ;0.26146 ;0.26062 ;0.25953 ;0.25772 ;0.25502 ;0.2518 ;0.24799 ;0.24385 ;0.24009 ;0.2363 ;0.2329 ;0.23017 ;0.22774 ;0.22593 ;0.22476 ;0.22358 ;0.22206 ;0.22028
120   ;0.25175 ;0.23945 ;0.23013 ;0.21845 ;0.2079 ;0.19753 ;0.19009 ;0.18433 ;0.18051 ;0.17607 ;0.17443 ;0.17275 ;0.17152 ;0.16889 ;0.16752 ;0.16487 ;0.16294 ;0.16021 ;0.15713 ;0.15441 ;0.15185 ;0.14917 ;0.14707 ;0.14495 ;0.14321 ;0.141 ;0.13893 ;0.1374 ;0.13522 ;0.1338 ;0.1325 ;0.13093 ;0.13022 ;0.12968 ;0.12972 ;0.13112 ;0.13314 ;0.13591 ;0.13887 ;0.14324 ;0.14792 ;0.15244 ;0.15561 ;0.15849 ;0.16107 ;0.16342 ;0.16552 ;0.16662 ;0.16733 ;0.16738 ;0.16632 ;0.16447 ;0.1622 ;0.15977 ;0.15746 ;0.15554 ;0.1539 ;0.15239 ;0.15105 ;0.14966 ;0.14796 ;0.14616 ;0.14478 ;0.1439 ;0.14378 ;0.14456 ;0.14632 ;0.14925 ;0.1536 ;0.15932 ;0.16629 ;0.17384 ;0.18125 ;0.18841 ;0.19443 ;0.19889 ;0.20332 ;0.20997 ;0.21998 ;0.2342 ;0.25226 ;0.27304 ;0.29502 ;0.31584 ;0.33371 ;0.3479 ;0.35768 ;0.36416 ;0.36865 ;0.3717 ;0.37347 ;0.37443 ;0.37389 ;0.3722 ;0.37021 ;0.36753 ;0.36428 ;0.36077 ;0.35679 ;0.35301 ;0.34968 ;0.34693 ;0.34457 ;0.34293 ;0.34136 ;0.33988 ;0.33852 ;0.33707 ;0.33562 ;0.33389 ;0.33141 ;0.32817 ;0.32448 ;0.3203 ;0.31568 ;0.31158 ;0.30759 ;0.30391 ;0.30099 ;0.29832 ;0.29661 ;0.29574 ;0.29574 ;0.29616 ;0.29676
121   ;0.23041 ;0.22034 ;0.21431 ;0.20677 ;0.19911 ;0.19101 ;0.18602 ;0.18193 ;0.17897 ;0.17555 ;0.1742 ;0.17274 ;0.1717 ;0.16961 ;0.16894 ;0.16656 ;0.165 ;0.16322 ;0.16039 ;0.1583 ;0.15632 ;0.15463 ;0.15272 ;0.15115 ;0.1497 ;0.148 ;0.14597 ;0.14512 ;0.14296 ;0.14198 ;0.14075 ;0.13925 ;0.13862 ;0.13779 ;0.13743 ;0.13809 ;0.13892 ;0.14062 ;0.14234 ;0.14502 ;0.14805 ;0.15087 ;0.15279 ;0.15469 ;0.15629 ;0.15769 ;0.15911 ;0.15962 ;0.16004 ;0.15985 ;0.15883 ;0.15704 ;0.15505 ;0.15293 ;0.15091 ;0.14914 ;0.14764 ;0.14627 ;0.14506 ;0.1439 ;0.14235 ;0.14094 ;0.1397 ;0.13885 ;0.13853 ;0.13883 ;0.14004 ;0.14203 ;0.14509 ;0.14926 ;0.1545 ;0.1602 ;0.16587 ;0.17148 ;0.1763 ;0.17995 ;0.1837 ;0.18937 ;0.1979 ;0.20996 ;0.22536 ;0.24302 ;0.26163 ;0.27914 ;0.29415 ;0.30603 ;0.31412 ;0.31965 ;0.32348 ;0.32611 ;0.32754 ;0.32839 ;0.32795 ;0.32651 ;0.32466 ;0.3223 ;0.31954 ;0.31641 ;0.3129 ;0.30959 ;0.30653 ;0.30406 ;0.30189 ;0.30039 ;0.29887 ;0.29739 ;0.29617 ;0.29485 ;0.29359 ;0.2921 ;0.28988 ;0.28703 ;0.28379 ;0.28008 ;0.27601 ;0.27231 ;0.26877 ;0.26555 ;0.26297 ;0.26074 ;0.25927 ;0.25865 ;0.25865 ;0.25888 ;0.25918
122   ;0.29811 ;0.28579 ;0.2745 ;0.26336 ;0.25109 ;0.24127 ;0.2332 ;0.226 ;0.22111 ;0.21768 ;0.21475 ;0.21271 ;0.21017 ;0.20786 ;0.20535 ;0.20228 ;0.19894 ;0.19569 ;0.1919 ;0.18863 ;0.18528 ;0.18197 ;0.17899 ;0.17613 ;0.17348 ;0.17064 ;0.16828 ;0.16599 ;0.1636 ;0.16147 ;0.15959 ;0.15787 ;0.15633 ;0.15525 ;0.15476 ;0.15552 ;0.15712 ;0.15962 ;0.16276 ;0.16724 ;0.17252 ;0.17722 ;0.18091 ;0.18405 ;0.18681 ;0.18928 ;0.19118 ;0.19224 ;0.19252 ;0.19205 ;0.19059 ;0.18841 ;0.18579 ;0.18312 ;0.18062 ;0.17836 ;0.17638 ;0.17463 ;0.17306 ;0.17135 ;0.16933 ;0.1674 ;0.16581 ;0.16487 ;0.16476 ;0.1656 ;0.16765 ;0.17104 ;0.17592 ;0.18239 ;0.19031 ;0.19876 ;0.207 ;0.21477 ;0.22142 ;0.22659 ;0.23193 ;0.23981 ;0.25175 ;0.26854 ;0.2899 ;0.31457 ;0.34063 ;0.36543 ;0.38703 ;0.40436 ;0.41632 ;0.42405 ;0.42927 ;0.43269 ;0.43465 ;0.43525 ;0.43422 ;0.43201 ;0.42907 ;0.4255 ;0.42129 ;0.41694 ;0.41236 ;0.40796 ;0.40418 ;0.40088 ;0.39829 ;0.3964 ;0.3946 ;0.39297 ;0.39161 ;0.38997 ;0.3882 ;0.38606 ;0.38324 ;0.37954 ;0.37539 ;0.37067 ;0.36554 ;0.36095 ;0.35643 ;0.35224 ;0.3486 ;0.34533 ;0.34275 ;0.34119 ;0.34033 ;0.34 ;0.34011
123   ;0.26819 ;0.25221 ;0.23942 ;0.22532 ;0.2114 ;0.20033 ;0.19138 ;0.18413 ;0.18021 ;0.17622 ;0.17436 ;0.17319 ;0.17296 ;0.17046 ;0.16841 ;0.16618 ;0.16367 ;0.16108 ;0.15818 ;0.1556 ;0.15284 ;0.15014 ;0.14785 ;0.1454 ;0.1431 ;0.14119 ;0.1394 ;0.13749 ;0.13554 ;0.13401 ;0.13275 ;0.13136 ;0.13064 ;0.12979 ;0.12988 ;0.1312 ;0.13351 ;0.13718 ;0.14156 ;0.14743 ;0.15418 ;0.16048 ;0.1653 ;0.16961 ;0.17349 ;0.17702 ;0.17969 ;0.18092 ;0.18133 ;0.18089 ;0.17943 ;0.17693 ;0.17424 ;0.17186 ;0.16968 ;0.16789 ;0.16626 ;0.16487 ;0.16391 ;0.1626 ;0.16088 ;0.15901 ;0.15739 ;0.15648 ;0.15654 ;0.15756 ;0.1597 ;0.16314 ;0.16802 ;0.17449 ;0.18224 ;0.1906 ;0.19902 ;0.2071 ;0.21416 ;0.2196 ;0.22462 ;0.23182 ;0.2428 ;0.25826 ;0.27801 ;0.30117 ;0.32608 ;0.35068 ;0.37423 ;0.39391 ;0.40491 ;0.40957 ;0.41283 ;0.41573 ;0.41807 ;0.41972 ;0.41987 ;0.41879 ;0.41712 ;0.41464 ;0.41155 ;0.40819 ;0.40448 ;0.40085 ;0.39761 ;0.39473 ;0.3921 ;0.39031 ;0.38863 ;0.38732 ;0.3864 ;0.38541 ;0.38425 ;0.38273 ;0.38022 ;0.37667 ;0.3725 ;0.36752 ;0.36213 ;0.35707 ;0.35199 ;0.34723 ;0.34317 ;0.3394 ;0.33626 ;0.33414 ;0.33253 ;0.33148 ;0.33114
124   ;0.19876 ;0.18669 ;0.17679 ;0.16615 ;0.15651 ;0.14685 ;0.14018 ;0.136 ;0.13296 ;0.13047 ;0.12961 ;0.12902 ;0.12878 ;0.12743 ;0.12689 ;0.1256 ;0.12442 ;0.12306 ;0.12119 ;0.11966 ;0.11804 ;0.11632 ;0.11522 ;0.11408 ;0.1129 ;0.11162 ;0.11049 ;0.10966 ;0.10838 ;0.10747 ;0.10686 ;0.106 ;0.1057 ;0.10581 ;0.10638 ;0.10803 ;0.11015 ;0.11323 ;0.11637 ;0.12043 ;0.12481 ;0.12865 ;0.13138 ;0.13375 ;0.13599 ;0.1382 ;0.1401 ;0.14096 ;0.14182 ;0.14196 ;0.14124 ;0.13967 ;0.13779 ;0.13572 ;0.13379 ;0.13212 ;0.13082 ;0.12953 ;0.12856 ;0.12753 ;0.12611 ;0.12473 ;0.12359 ;0.12298 ;0.12301 ;0.12367 ;0.12517 ;0.12773 ;0.13136 ;0.13606 ;0.14174 ;0.14786 ;0.15395 ;0.15996 ;0.16526 ;0.16926 ;0.1733 ;0.17922 ;0.18789 ;0.19996 ;0.21488 ;0.23158 ;0.24876 ;0.26453 ;0.27762 ;0.28794 ;0.29524 ;0.30043 ;0.30427 ;0.30711 ;0.30899 ;0.31025 ;0.31022 ;0.30926 ;0.30799 ;0.30609 ;0.30367 ;0.30096 ;0.29772 ;0.2945 ;0.29157 ;0.28903 ;0.2868 ;0.2852 ;0.28356 ;0.28199 ;0.2807 ;0.2794 ;0.2783 ;0.27699 ;0.27503 ;0.27246 ;0.26942 ;0.26591 ;0.26191 ;0.25841 ;0.25489 ;0.25175 ;0.24928 ;0.24713 ;0.24578 ;0.2451 ;0.24521 ;0.24558 ;0.24601
125   ;0.27111 ;0.25412 ;0.24071 ;0.22674 ;0.21221 ;0.19898 ;0.18969 ;0.18331 ;0.17955 ;0.17493 ;0.1735 ;0.17269 ;0.17227 ;0.1702 ;0.16912 ;0.16706 ;0.16533 ;0.16263 ;0.15939 ;0.15668 ;0.1535 ;0.15122 ;0.14878 ;0.14681 ;0.14478 ;0.14283 ;0.14097 ;0.13945 ;0.1373 ;0.13623 ;0.13491 ;0.13358 ;0.1331 ;0.13279 ;0.13285 ;0.1343 ;0.13677 ;0.14096 ;0.14564 ;0.1521 ;0.15914 ;0.16545 ;0.17018 ;0.17458 ;0.17824 ;0.18155 ;0.18434 ;0.18579 ;0.18654 ;0.18634 ;0.18514 ;0.18296 ;0.18053 ;0.17806 ;0.1757 ;0.17385 ;0.1722 ;0.17056 ;0.16929 ;0.16801 ;0.16622 ;0.16452 ;0.16321 ;0.16261 ;0.16291 ;0.16416 ;0.16675 ;0.17055 ;0.17586 ;0.18263 ;0.19056 ;0.19898 ;0.20729 ;0.21535 ;0.22234 ;0.22795 ;0.23388 ;0.24256 ;0.2553 ;0.27302 ;0.29524 ;0.32059 ;0.34709 ;0.37209 ;0.39373 ;0.41116 ;0.42308 ;0.43113 ;0.43666 ;0.4403 ;0.44218 ;0.44318 ;0.44225 ;0.43988 ;0.43716 ;0.43362 ;0.42957 ;0.42521 ;0.42051 ;0.41621 ;0.41222 ;0.40905 ;0.4062 ;0.40427 ;0.40246 ;0.40082 ;0.39936 ;0.39769 ;0.39598 ;0.39381 ;0.39088 ;0.38716 ;0.38302 ;0.37831 ;0.37302 ;0.36817 ;0.36323 ;0.35851 ;0.3545 ;0.35049 ;0.34727 ;0.34471 ;0.34286 ;0.34133 ;0.34024
126   ;0.16825 ;0.15794 ;0.14908 ;0.1401 ;0.13129 ;0.1225 ;0.11642 ;0.11284 ;0.1103 ;0.1081 ;0.10759 ;0.10719 ;0.10703 ;0.10564 ;0.1058 ;0.10451 ;0.10338 ;0.10231 ;0.1006 ;0.09944 ;0.0978 ;0.09661 ;0.09558 ;0.09482 ;0.09392 ;0.09298 ;0.09208 ;0.09131 ;0.09024 ;0.0897 ;0.08917 ;0.08854 ;0.08866 ;0.08884 ;0.08961 ;0.09152 ;0.09366 ;0.09655 ;0.09926 ;0.10306 ;0.10672 ;0.11017 ;0.11247 ;0.11444 ;0.1162 ;0.11784 ;0.11934 ;0.12005 ;0.12068 ;0.12073 ;0.12018 ;0.11908 ;0.11768 ;0.11596 ;0.11432 ;0.11289 ;0.11174 ;0.11072 ;0.10987 ;0.10905 ;0.10791 ;0.10673 ;0.10581 ;0.10534 ;0.1054 ;0.106 ;0.10742 ;0.10974 ;0.113 ;0.11728 ;0.12257 ;0.12815 ;0.13361 ;0.13898 ;0.14365 ;0.14713 ;0.15067 ;0.15609 ;0.16406 ;0.17518 ;0.18903 ;0.20446 ;0.22031 ;0.23477 ;0.24677 ;0.25609 ;0.26243 ;0.26684 ;0.27002 ;0.27225 ;0.27362 ;0.2745 ;0.27414 ;0.27295 ;0.27153 ;0.26954 ;0.26712 ;0.26437 ;0.26129 ;0.25819 ;0.25539 ;0.25298 ;0.2509 ;0.24937 ;0.24775 ;0.24625 ;0.24495 ;0.24368 ;0.24257 ;0.24124 ;0.23933 ;0.23685 ;0.23387 ;0.23049 ;0.22671 ;0.22335 ;0.22011 ;0.21718 ;0.21509 ;0.21329 ;0.21245 ;0.21237 ;0.21293 ;0.21369 ;0.21431
127   ;0.30089 ;0.28716 ;0.27574 ;0.26202 ;0.25089 ;0.23807 ;0.22955 ;0.22331 ;0.21853 ;0.2132 ;0.21127 ;0.20949 ;0.20846 ;0.20575 ;0.20404 ;0.20099 ;0.19842 ;0.19526 ;0.19184 ;0.18855 ;0.18524 ;0.18225 ;0.17974 ;0.17737 ;0.17513 ;0.17245 ;0.17014 ;0.16818 ;0.1657 ;0.16416 ;0.16247 ;0.16079 ;0.15966 ;0.1587 ;0.15806 ;0.15892 ;0.1603 ;0.1632 ;0.16668 ;0.17195 ;0.17756 ;0.18326 ;0.18732 ;0.19126 ;0.1944 ;0.19752 ;0.20002 ;0.20084 ;0.20102 ;0.20057 ;0.19891 ;0.19654 ;0.19399 ;0.19126 ;0.18897 ;0.18702 ;0.18526 ;0.18364 ;0.18221 ;0.18071 ;0.17876 ;0.1769 ;0.17526 ;0.17435 ;0.17438 ;0.17524 ;0.17735 ;0.18077 ;0.1857 ;0.19216 ;0.19993 ;0.20836 ;0.21676 ;0.22483 ;0.23177 ;0.23713 ;0.24246 ;0.25037 ;0.26221 ;0.27887 ;0.30023 ;0.32488 ;0.35121 ;0.37661 ;0.39953 ;0.41829 ;0.43019 ;0.43725 ;0.44202 ;0.44542 ;0.44749 ;0.4488 ;0.44822 ;0.44631 ;0.44397 ;0.44085 ;0.43713 ;0.43314 ;0.42875 ;0.42468 ;0.42102 ;0.41791 ;0.41526 ;0.41347 ;0.41175 ;0.41018 ;0.40907 ;0.40757 ;0.40608 ;0.40409 ;0.40113 ;0.39738 ;0.39313 ;0.38825 ;0.38273 ;0.37775 ;0.37277 ;0.368 ;0.36396 ;0.36006 ;0.35688 ;0.35445 ;0.35276 ;0.35149 ;0.3507
128   ;0.21164 ;0.19923 ;0.1909 ;0.18075 ;0.17024 ;0.15876 ;0.15076 ;0.14531 ;0.14279 ;0.1389 ;0.13859 ;0.13853 ;0.13985 ;0.13822 ;0.13765 ;0.13609 ;0.13441 ;0.13329 ;0.13049 ;0.12879 ;0.12668 ;0.12481 ;0.12285 ;0.12136 ;0.12027 ;0.11871 ;0.11708 ;0.11611 ;0.11452 ;0.11365 ;0.11254 ;0.11125 ;0.1112 ;0.11073 ;0.1109 ;0.11267 ;0.11478 ;0.11843 ;0.12228 ;0.12758 ;0.13338 ;0.139 ;0.14263 ;0.14643 ;0.14958 ;0.15266 ;0.15527 ;0.1563 ;0.1568 ;0.15682 ;0.15555 ;0.15362 ;0.15143 ;0.14915 ;0.14713 ;0.14553 ;0.14399 ;0.14269 ;0.14159 ;0.14062 ;0.139 ;0.13725 ;0.13568 ;0.13489 ;0.13495 ;0.13559 ;0.13762 ;0.14061 ;0.14468 ;0.1503 ;0.15706 ;0.16432 ;0.17166 ;0.17879 ;0.18497 ;0.1896 ;0.1938 ;0.19994 ;0.20927 ;0.22256 ;0.23976 ;0.26 ;0.28195 ;0.30383 ;0.32502 ;0.34272 ;0.35215 ;0.35604 ;0.35859 ;0.36118 ;0.36332 ;0.36505 ;0.36534 ;0.36453 ;0.36316 ;0.36104 ;0.35844 ;0.35549 ;0.35207 ;0.3488 ;0.3457 ;0.34309 ;0.34056 ;0.33882 ;0.3372 ;0.33591 ;0.33504 ;0.33405 ;0.33307 ;0.33171 ;0.32934 ;0.32593 ;0.32203 ;0.31731 ;0.3121 ;0.30728 ;0.30249 ;0.29787 ;0.29404 ;0.29026 ;0.28715 ;0.28435 ;0.28138 ;0.27759 ;0.27289
129   ;0.20214 ;0.18715 ;0.17456 ;0.16195 ;0.15018 ;0.13835 ;0.13108 ;0.12614 ;0.12307 ;0.12081 ;0.12123 ;0.12265 ;0.12438 ;0.12333 ;0.12313 ;0.12191 ;0.12093 ;0.1199 ;0.1182 ;0.11696 ;0.11536 ;0.11376 ;0.11236 ;0.11155 ;0.11046 ;0.10928 ;0.10814 ;0.10729 ;0.10581 ;0.10514 ;0.10435 ;0.10347 ;0.10326 ;0.10347 ;0.1043 ;0.10644 ;0.10926 ;0.11305 ;0.11701 ;0.12205 ;0.12777 ;0.13311 ;0.13689 ;0.14061 ;0.14402 ;0.14753 ;0.15039 ;0.15164 ;0.15251 ;0.15284 ;0.15196 ;0.15028 ;0.14821 ;0.14614 ;0.14423 ;0.14268 ;0.14139 ;0.14014 ;0.13928 ;0.13827 ;0.13652 ;0.13459 ;0.13299 ;0.13201 ;0.13176 ;0.13239 ;0.13409 ;0.13681 ;0.14083 ;0.14625 ;0.15295 ;0.16039 ;0.16788 ;0.17518 ;0.1814 ;0.18578 ;0.18941 ;0.19469 ;0.20281 ;0.21464 ;0.23019 ;0.24857 ;0.26884 ;0.28909 ;0.30897 ;0.32555 ;0.33407 ;0.33732 ;0.33961 ;0.34223 ;0.34466 ;0.34693 ;0.34787 ;0.3477 ;0.34718 ;0.34584 ;0.34386 ;0.34137 ;0.33843 ;0.33549 ;0.33268 ;0.33028 ;0.32799 ;0.3264 ;0.32491 ;0.32364 ;0.3228 ;0.32188 ;0.32105 ;0.31984 ;0.31766 ;0.31451 ;0.31054 ;0.30591 ;0.30073 ;0.29594 ;0.29123 ;0.28688 ;0.28335 ;0.2802 ;0.27788 ;0.27632 ;0.27544 ;0.27479 ;0.27439
130   ;0.16472 ;0.15615 ;0.14896 ;0.1418 ;0.13389 ;0.12606 ;0.12103 ;0.1172 ;0.1148 ;0.11336 ;0.11247 ;0.11196 ;0.112 ;0.11136 ;0.11093 ;0.10955 ;0.10895 ;0.10749 ;0.10598 ;0.10455 ;0.10337 ;0.10198 ;0.10095 ;0.09971 ;0.09891 ;0.09818 ;0.09677 ;0.09619 ;0.09499 ;0.0943 ;0.09363 ;0.09284 ;0.09282 ;0.09293 ;0.09337 ;0.09511 ;0.09698 ;0.09952 ;0.10211 ;0.10558 ;0.10929 ;0.11249 ;0.11485 ;0.1169 ;0.11872 ;0.1206 ;0.12217 ;0.12297 ;0.12336 ;0.12353 ;0.1228 ;0.12145 ;0.11991 ;0.11801 ;0.11629 ;0.1149 ;0.11365 ;0.11261 ;0.11176 ;0.11086 ;0.10964 ;0.1085 ;0.10743 ;0.10684 ;0.10689 ;0.10739 ;0.1087 ;0.11087 ;0.11398 ;0.11818 ;0.12332 ;0.12876 ;0.13402 ;0.13917 ;0.14363 ;0.147 ;0.15037 ;0.15535 ;0.16292 ;0.17347 ;0.1867 ;0.20159 ;0.21692 ;0.23116 ;0.24298 ;0.25219 ;0.25863 ;0.26305 ;0.26622 ;0.26846 ;0.26993 ;0.27088 ;0.2707 ;0.26972 ;0.26843 ;0.26658 ;0.26427 ;0.26177 ;0.25893 ;0.25603 ;0.25356 ;0.25139 ;0.24957 ;0.24823 ;0.24682 ;0.24541 ;0.24437 ;0.24316 ;0.24205 ;0.2408 ;0.23899 ;0.23656 ;0.23365 ;0.23021 ;0.22661 ;0.22331 ;0.22003 ;0.21711 ;0.21486 ;0.21296 ;0.21172 ;0.21112 ;0.21051 ;0.20947 ;0.20781
131   ;0.16967 ;0.16153 ;0.1554 ;0.14969 ;0.14319 ;0.13741 ;0.1327 ;0.12922 ;0.12725 ;0.12536 ;0.12461 ;0.12362 ;0.12339 ;0.12171 ;0.12113 ;0.12019 ;0.11871 ;0.118 ;0.11645 ;0.11561 ;0.11406 ;0.11302 ;0.11184 ;0.11108 ;0.11009 ;0.10902 ;0.10824 ;0.10718 ;0.10647 ;0.10569 ;0.10526 ;0.10454 ;0.10419 ;0.10399 ;0.10421 ;0.10512 ;0.10629 ;0.10789 ;0.1098 ;0.11213 ;0.11462 ;0.11704 ;0.11873 ;0.12017 ;0.12138 ;0.12256 ;0.12351 ;0.12397 ;0.1242 ;0.12403 ;0.12321 ;0.12189 ;0.12035 ;0.1188 ;0.11727 ;0.11605 ;0.11495 ;0.11405 ;0.11331 ;0.11267 ;0.11178 ;0.11088 ;0.1101 ;0.10966 ;0.10964 ;0.11 ;0.11094 ;0.11255 ;0.11484 ;0.11795 ;0.12179 ;0.12591 ;0.13002 ;0.13409 ;0.13785 ;0.14095 ;0.14431 ;0.14918 ;0.1563 ;0.16595 ;0.17794 ;0.19135 ;0.20499 ;0.21755 ;0.22781 ;0.23576 ;0.24122 ;0.24483 ;0.24746 ;0.24924 ;0.25035 ;0.25084 ;0.25032 ;0.24916 ;0.24777 ;0.24601 ;0.2438 ;0.24139 ;0.23862 ;0.23586 ;0.23341 ;0.23122 ;0.22931 ;0.22779 ;0.22629 ;0.22482 ;0.22367 ;0.22258 ;0.22144 ;0.22023 ;0.21856 ;0.21626 ;0.21373 ;0.21081 ;0.20771 ;0.20496 ;0.20225 ;0.19993 ;0.19815 ;0.19667 ;0.19583 ;0.1958 ;0.19613 ;0.19653 ;0.1969
132   ;0.27313 ;0.25671 ;0.24256 ;0.22827 ;0.21428 ;0.20077 ;0.19211 ;0.1852 ;0.18096 ;0.17717 ;0.17591 ;0.17575 ;0.17686 ;0.1748 ;0.1733 ;0.17116 ;0.16903 ;0.16687 ;0.16382 ;0.16141 ;0.15886 ;0.15608 ;0.15423 ;0.15224 ;0.15031 ;0.14821 ;0.14634 ;0.14481 ;0.14277 ;0.14143 ;0.14025 ;0.13867 ;0.13793 ;0.13738 ;0.13734 ;0.13876 ;0.14126 ;0.14505 ;0.14942 ;0.15528 ;0.16213 ;0.1687 ;0.17347 ;0.17827 ;0.18248 ;0.1863 ;0.18956 ;0.19077 ;0.19123 ;0.19101 ;0.18942 ;0.18703 ;0.1843 ;0.18172 ;0.17955 ;0.1778 ;0.17623 ;0.17467 ;0.17355 ;0.17225 ;0.17023 ;0.16817 ;0.16641 ;0.16539 ;0.16536 ;0.16629 ;0.16858 ;0.17217 ;0.17719 ;0.18383 ;0.19195 ;0.20082 ;0.20981 ;0.2185 ;0.22589 ;0.23144 ;0.23655 ;0.24393 ;0.25506 ;0.27108 ;0.29199 ;0.31671 ;0.34374 ;0.37094 ;0.39742 ;0.41955 ;0.43142 ;0.4364 ;0.43969 ;0.44273 ;0.44519 ;0.44715 ;0.4473 ;0.44611 ;0.44442 ;0.44176 ;0.43857 ;0.43493 ;0.43091 ;0.42712 ;0.42353 ;0.42055 ;0.41777 ;0.41584 ;0.41411 ;0.41272 ;0.41187 ;0.41067 ;0.40952 ;0.40777 ;0.40479 ;0.40079 ;0.39606 ;0.3905 ;0.3843 ;0.37859 ;0.37285 ;0.36733 ;0.36273 ;0.35836 ;0.35483 ;0.35206 ;0.35002 ;0.34831 ;0.34717
133   ;0.23842 ;0.2218 ;0.20749 ;0.19453 ;0.18004 ;0.1686 ;0.15978 ;0.15387 ;0.15045 ;0.14835 ;0.14861 ;0.15012 ;0.15161 ;0.15097 ;0.14897 ;0.1476 ;0.14582 ;0.1443 ;0.14246 ;0.1407 ;0.13874 ;0.13677 ;0.13507 ;0.13306 ;0.13166 ;0.13023 ;0.12854 ;0.12745 ;0.12583 ;0.12471 ;0.12384 ;0.12252 ;0.12195 ;0.12173 ;0.12209 ;0.12385 ;0.12684 ;0.13089 ;0.13525 ;0.141 ;0.14795 ;0.15442 ;0.15939 ;0.164 ;0.16824 ;0.17226 ;0.17536 ;0.1766 ;0.17691 ;0.1765 ;0.17485 ;0.17233 ;0.16951 ;0.16711 ;0.16532 ;0.16363 ;0.16208 ;0.16093 ;0.16008 ;0.1589 ;0.15704 ;0.155 ;0.15317 ;0.15206 ;0.15192 ;0.1527 ;0.15457 ;0.15781 ;0.16238 ;0.16852 ;0.17627 ;0.18471 ;0.19329 ;0.20154 ;0.20868 ;0.2141 ;0.2185 ;0.22452 ;0.23413 ;0.24796 ;0.266 ;0.28788 ;0.31233 ;0.33748 ;0.36383 ;0.3865 ;0.39654 ;0.39773 ;0.39843 ;0.4005 ;0.40308 ;0.40545 ;0.40636 ;0.40606 ;0.40523 ;0.40347 ;0.40091 ;0.39815 ;0.39501 ;0.39192 ;0.38915 ;0.38626 ;0.38372 ;0.3818 ;0.38014 ;0.3789 ;0.3784 ;0.37781 ;0.3771 ;0.37596 ;0.37355 ;0.36991 ;0.36539 ;0.35985 ;0.35392 ;0.3483 ;0.34273 ;0.33753 ;0.33312 ;0.32921 ;0.32598 ;0.32353 ;0.32157 ;0.31975 ;0.3183
134   ;0.26255 ;0.24517 ;0.23188 ;0.21735 ;0.20298 ;0.18952 ;0.1807 ;0.17473 ;0.17134 ;0.16777 ;0.16794 ;0.16861 ;0.16981 ;0.16812 ;0.16747 ;0.1662 ;0.16437 ;0.16247 ;0.15968 ;0.15749 ;0.15529 ;0.15292 ;0.1511 ;0.14914 ;0.14756 ;0.14588 ;0.14421 ;0.14302 ;0.1408 ;0.13989 ;0.13876 ;0.1374 ;0.13679 ;0.13654 ;0.137 ;0.13894 ;0.14158 ;0.14575 ;0.15013 ;0.15605 ;0.16293 ;0.16942 ;0.17409 ;0.17863 ;0.18267 ;0.18641 ;0.18965 ;0.19095 ;0.19167 ;0.19146 ;0.19012 ;0.18785 ;0.18531 ;0.1828 ;0.18047 ;0.17855 ;0.17692 ;0.17537 ;0.1741 ;0.17271 ;0.17064 ;0.16862 ;0.1669 ;0.16593 ;0.16595 ;0.16695 ;0.16923 ;0.17286 ;0.17801 ;0.18473 ;0.19299 ;0.20189 ;0.2107 ;0.21921 ;0.2265 ;0.23195 ;0.23716 ;0.24473 ;0.25615 ;0.2726 ;0.29397 ;0.31909 ;0.34645 ;0.37353 ;0.39882 ;0.41976 ;0.43218 ;0.43867 ;0.44293 ;0.4463 ;0.44854 ;0.4501 ;0.44964 ;0.44789 ;0.44564 ;0.44251 ;0.43886 ;0.43478 ;0.43031 ;0.42626 ;0.42256 ;0.41941 ;0.41656 ;0.41467 ;0.41294 ;0.41143 ;0.41028 ;0.40884 ;0.4073 ;0.40531 ;0.4022 ;0.39808 ;0.39324 ;0.38779 ;0.38162 ;0.37592 ;0.37032 ;0.36493 ;0.36045 ;0.35627 ;0.35302 ;0.35063 ;0.3489 ;0.34747 ;0.34632
135   ;0.18563 ;0.17696 ;0.17052 ;0.16201 ;0.15527 ;0.14716 ;0.14289 ;0.13962 ;0.13727 ;0.13485 ;0.13396 ;0.13378 ;0.13318 ;0.1319 ;0.13165 ;0.13041 ;0.12939 ;0.12819 ;0.12682 ;0.12574 ;0.12429 ;0.12307 ;0.1222 ;0.12152 ;0.12074 ;0.11988 ;0.11882 ;0.11839 ;0.11701 ;0.11649 ;0.11606 ;0.11522 ;0.11505 ;0.11496 ;0.11499 ;0.11617 ;0.11709 ;0.11911 ;0.12112 ;0.12388 ;0.12666 ;0.12949 ;0.13127 ;0.13302 ;0.13451 ;0.13588 ;0.13722 ;0.13791 ;0.13843 ;0.13841 ;0.13762 ;0.13608 ;0.13452 ;0.13282 ;0.13118 ;0.1299 ;0.12884 ;0.12773 ;0.12689 ;0.1262 ;0.12515 ;0.12422 ;0.12342 ;0.12294 ;0.12289 ;0.12331 ;0.12437 ;0.12611 ;0.12861 ;0.13198 ;0.13615 ;0.14066 ;0.14521 ;0.14974 ;0.15384 ;0.15705 ;0.1606 ;0.16593 ;0.17353 ;0.18412 ;0.19736 ;0.21221 ;0.22752 ;0.24166 ;0.25341 ;0.26257 ;0.26889 ;0.27325 ;0.2763 ;0.27839 ;0.27952 ;0.28008 ;0.27953 ;0.27815 ;0.27659 ;0.27464 ;0.27222 ;0.26952 ;0.26647 ;0.26355 ;0.26083 ;0.25852 ;0.25655 ;0.25514 ;0.25367 ;0.25223 ;0.25113 ;0.2499 ;0.24877 ;0.24746 ;0.2456 ;0.24316 ;0.24043 ;0.23734 ;0.23395 ;0.23087 ;0.22789 ;0.22526 ;0.22318 ;0.22143 ;0.22038 ;0.22 ;0.22013 ;0.22042 ;0.22061
136   ;0.17629 ;0.1696 ;0.1644 ;0.15866 ;0.15268 ;0.14694 ;0.1429 ;0.14023 ;0.13816 ;0.13567 ;0.13498 ;0.13418 ;0.13391 ;0.1321 ;0.13181 ;0.13057 ;0.12954 ;0.12847 ;0.12682 ;0.12562 ;0.12441 ;0.12318 ;0.12242 ;0.12172 ;0.12062 ;0.1197 ;0.11871 ;0.11794 ;0.11676 ;0.11615 ;0.11573 ;0.11467 ;0.11444 ;0.11409 ;0.11399 ;0.11473 ;0.11543 ;0.11698 ;0.11844 ;0.12046 ;0.12265 ;0.12472 ;0.12598 ;0.12741 ;0.12832 ;0.12938 ;0.13013 ;0.13036 ;0.13048 ;0.13017 ;0.12937 ;0.12799 ;0.12656 ;0.125 ;0.12358 ;0.12243 ;0.12144 ;0.12045 ;0.1197 ;0.11908 ;0.11818 ;0.11731 ;0.11658 ;0.11611 ;0.11596 ;0.11625 ;0.11708 ;0.11847 ;0.1205 ;0.12325 ;0.12674 ;0.13049 ;0.1343 ;0.13816 ;0.1416 ;0.14455 ;0.14786 ;0.1527 ;0.15958 ;0.16908 ;0.18072 ;0.19353 ;0.20652 ;0.21832 ;0.22806 ;0.23552 ;0.24063 ;0.24422 ;0.24669 ;0.24835 ;0.24921 ;0.2496 ;0.24894 ;0.24768 ;0.24629 ;0.24445 ;0.2423 ;0.23987 ;0.23717 ;0.23448 ;0.2321 ;0.23006 ;0.22818 ;0.22685 ;0.22544 ;0.2241 ;0.22299 ;0.22183 ;0.2208 ;0.21965 ;0.21793 ;0.21577 ;0.21338 ;0.21065 ;0.20771 ;0.20511 ;0.20259 ;0.20036 ;0.19872 ;0.19729 ;0.19656 ;0.19654 ;0.19703 ;0.19766 ;0.19839
137   ;0.23383 ;0.21855 ;0.20504 ;0.19243 ;0.18006 ;0.16774 ;0.15973 ;0.1545 ;0.15093 ;0.14837 ;0.14794 ;0.14833 ;0.14917 ;0.14801 ;0.14732 ;0.14552 ;0.14408 ;0.14253 ;0.14021 ;0.13829 ;0.13596 ;0.13406 ;0.13235 ;0.13094 ;0.12958 ;0.12816 ;0.1264 ;0.12543 ;0.12359 ;0.12265 ;0.12162 ;0.12056 ;0.12007 ;0.11998 ;0.12025 ;0.12201 ;0.12439 ;0.12801 ;0.13218 ;0.13768 ;0.14385 ;0.14955 ;0.15375 ;0.15777 ;0.16121 ;0.16447 ;0.16728 ;0.16843 ;0.16922 ;0.16914 ;0.16791 ;0.16577 ;0.16332 ;0.16087 ;0.1587 ;0.15694 ;0.15542 ;0.15399 ;0.15282 ;0.15154 ;0.14968 ;0.14781 ;0.1462 ;0.14521 ;0.14507 ;0.14582 ;0.14771 ;0.15078 ;0.15527 ;0.16125 ;0.16852 ;0.17637 ;0.18425 ;0.19185 ;0.19823 ;0.20294 ;0.20727 ;0.21358 ;0.2231 ;0.23691 ;0.25487 ;0.27608 ;0.29904 ;0.32172 ;0.3431 ;0.36054 ;0.37052 ;0.37528 ;0.37836 ;0.38107 ;0.38297 ;0.38439 ;0.38429 ;0.38309 ;0.38139 ;0.37904 ;0.37604 ;0.3728 ;0.36911 ;0.36564 ;0.36245 ;0.35971 ;0.35731 ;0.35577 ;0.35417 ;0.35289 ;0.35191 ;0.35073 ;0.34958 ;0.34793 ;0.34533 ;0.34192 ;0.33778 ;0.33303 ;0.32779 ;0.32298 ;0.31819 ;0.31365 ;0.30995 ;0.30647 ;0.30382 ;0.30185 ;0.30066 ;0.29996 ;0.29974
138   ;0.26347 ;0.25346 ;0.24678 ;0.23665 ;0.22694 ;0.21871 ;0.21169 ;0.20552 ;0.20138 ;0.19633 ;0.19359 ;0.19059 ;0.18851 ;0.18472 ;0.1827 ;0.17951 ;0.17654 ;0.17319 ;0.16931 ;0.1659 ;0.16247 ;0.15937 ;0.15654 ;0.154 ;0.15135 ;0.14878 ;0.1462 ;0.14429 ;0.14155 ;0.1398 ;0.13794 ;0.13617 ;0.13515 ;0.13385 ;0.13306 ;0.13343 ;0.13446 ;0.13656 ;0.13925 ;0.14335 ;0.14802 ;0.15235 ;0.15551 ;0.15842 ;0.16077 ;0.16273 ;0.1644 ;0.16494 ;0.1651 ;0.16471 ;0.16327 ;0.16115 ;0.15882 ;0.15628 ;0.15409 ;0.15214 ;0.15048 ;0.14891 ;0.14758 ;0.14631 ;0.14468 ;0.14309 ;0.14175 ;0.14099 ;0.1409 ;0.14158 ;0.14337 ;0.14625 ;0.15042 ;0.15589 ;0.16261 ;0.16981 ;0.17689 ;0.18374 ;0.18965 ;0.19417 ;0.19877 ;0.20559 ;0.21555 ;0.22952 ;0.24732 ;0.26762 ;0.28892 ;0.30897 ;0.32617 ;0.33986 ;0.34938 ;0.35596 ;0.36045 ;0.36345 ;0.36511 ;0.36594 ;0.36531 ;0.3636 ;0.36146 ;0.35872 ;0.35555 ;0.35202 ;0.34819 ;0.34456 ;0.34132 ;0.33865 ;0.33646 ;0.33486 ;0.33343 ;0.33206 ;0.33094 ;0.32961 ;0.32835 ;0.32677 ;0.32452 ;0.32159 ;0.31831 ;0.31466 ;0.31063 ;0.3071 ;0.30373 ;0.30054 ;0.29769 ;0.29477 ;0.29241 ;0.29081 ;0.28992 ;0.28952 ;0.28948
139   ;0.18958 ;0.17975 ;0.1726 ;0.16491 ;0.15642 ;0.147 ;0.14026 ;0.13645 ;0.13424 ;0.13092 ;0.13119 ;0.1309 ;0.1318 ;0.13021 ;0.13034 ;0.12967 ;0.12852 ;0.12772 ;0.12524 ;0.12406 ;0.12244 ;0.12112 ;0.11998 ;0.1188 ;0.11792 ;0.11695 ;0.11564 ;0.1149 ;0.11353 ;0.11289 ;0.11234 ;0.11121 ;0.11153 ;0.11143 ;0.11227 ;0.11459 ;0.117 ;0.12024 ;0.12342 ;0.12774 ;0.13194 ;0.13598 ;0.13835 ;0.14097 ;0.14296 ;0.14519 ;0.14734 ;0.1483 ;0.14918 ;0.14979 ;0.14923 ;0.14773 ;0.14588 ;0.14369 ;0.14147 ;0.13976 ;0.13817 ;0.13691 ;0.13577 ;0.13465 ;0.13317 ;0.13176 ;0.13035 ;0.12966 ;0.12978 ;0.13035 ;0.13203 ;0.13464 ;0.13832 ;0.14339 ;0.14954 ;0.15611 ;0.16266 ;0.16904 ;0.17449 ;0.17846 ;0.18233 ;0.1881 ;0.19663 ;0.20861 ;0.22372 ;0.24073 ;0.25833 ;0.27459 ;0.28801 ;0.29847 ;0.30569 ;0.31092 ;0.31464 ;0.3173 ;0.31909 ;0.32039 ;0.32038 ;0.31944 ;0.31822 ;0.31637 ;0.31399 ;0.31121 ;0.30797 ;0.30473 ;0.30161 ;0.2991 ;0.29689 ;0.29521 ;0.29351 ;0.29195 ;0.29055 ;0.28925 ;0.28802 ;0.28666 ;0.28454 ;0.28169 ;0.27853 ;0.27464 ;0.27038 ;0.26659 ;0.26288 ;0.25949 ;0.25692 ;0.25465 ;0.25322 ;0.25241 ;0.25143 ;0.24942 ;0.24604
140   ;0.24813 ;0.2366 ;0.22811 ;0.21879 ;0.20838 ;0.19844 ;0.19065 ;0.1848 ;0.18118 ;0.17713 ;0.17526 ;0.17363 ;0.17318 ;0.17045 ;0.16911 ;0.16669 ;0.16445 ;0.16243 ;0.15875 ;0.15641 ;0.1541 ;0.15134 ;0.14934 ;0.14705 ;0.1452 ;0.14317 ;0.14114 ;0.13944 ;0.13732 ;0.13608 ;0.13478 ;0.13317 ;0.13258 ;0.13181 ;0.13163 ;0.13285 ;0.13443 ;0.13718 ;0.14032 ;0.14474 ;0.14963 ;0.15448 ;0.15789 ;0.16122 ;0.16398 ;0.1666 ;0.16876 ;0.16964 ;0.1701 ;0.1699 ;0.16865 ;0.16644 ;0.16401 ;0.16159 ;0.15932 ;0.15754 ;0.15589 ;0.15454 ;0.15331 ;0.15204 ;0.15032 ;0.14856 ;0.14703 ;0.14621 ;0.14614 ;0.1467 ;0.14848 ;0.1513 ;0.15542 ;0.16104 ;0.16787 ;0.17533 ;0.18277 ;0.1899 ;0.19603 ;0.20058 ;0.20481 ;0.21101 ;0.22032 ;0.23356 ;0.25064 ;0.2706 ;0.29222 ;0.31331 ;0.33271 ;0.34863 ;0.35821 ;0.36334 ;0.36675 ;0.36955 ;0.37151 ;0.3729 ;0.37281 ;0.37178 ;0.37023 ;0.36808 ;0.36527 ;0.36234 ;0.35889 ;0.35557 ;0.35259 ;0.35012 ;0.34792 ;0.34645 ;0.34502 ;0.34377 ;0.3428 ;0.34187 ;0.34071 ;0.33933 ;0.33705 ;0.33383 ;0.33022 ;0.32593 ;0.32125 ;0.31695 ;0.31277 ;0.30881 ;0.3055 ;0.30226 ;0.29977 ;0.29791 ;0.29626 ;0.29433 ;0.29228
141   ;0.17511 ;0.16302 ;0.15393 ;0.14448 ;0.13504 ;0.12672 ;0.12085 ;0.11699 ;0.11459 ;0.11301 ;0.1125 ;0.1126 ;0.11288 ;0.11254 ;0.11225 ;0.11131 ;0.11024 ;0.10881 ;0.10748 ;0.1062 ;0.10536 ;0.10379 ;0.10276 ;0.10221 ;0.1012 ;0.10024 ;0.09934 ;0.09865 ;0.09751 ;0.09688 ;0.09633 ;0.0957 ;0.09574 ;0.09617 ;0.09724 ;0.09936 ;0.10191 ;0.10485 ;0.10782 ;0.1116 ;0.11576 ;0.11915 ;0.12169 ;0.12375 ;0.12564 ;0.12749 ;0.12919 ;0.13003 ;0.13071 ;0.13105 ;0.13053 ;0.12929 ;0.12788 ;0.12588 ;0.12404 ;0.12241 ;0.1211 ;0.11984 ;0.11885 ;0.11784 ;0.11646 ;0.11504 ;0.1139 ;0.11319 ;0.11309 ;0.11367 ;0.11511 ;0.1175 ;0.12098 ;0.12569 ;0.13155 ;0.13772 ;0.14371 ;0.14953 ;0.15449 ;0.15807 ;0.16151 ;0.16669 ;0.17454 ;0.18562 ;0.19957 ;0.21532 ;0.23151 ;0.24631 ;0.25851 ;0.26782 ;0.27414 ;0.27855 ;0.2817 ;0.28394 ;0.28534 ;0.28619 ;0.28596 ;0.28489 ;0.28357 ;0.2817 ;0.27935 ;0.27664 ;0.2735 ;0.27041 ;0.26758 ;0.26515 ;0.26312 ;0.26162 ;0.26001 ;0.25845 ;0.25716 ;0.2559 ;0.25471 ;0.25336 ;0.2514 ;0.24874 ;0.24557 ;0.24191 ;0.23793 ;0.23434 ;0.23081 ;0.22784 ;0.22572 ;0.22406 ;0.22347 ;0.22381 ;0.22484 ;0.22605 ;0.22734
142   ;0.23822 ;0.22932 ;0.22129 ;0.21372 ;0.20506 ;0.19699 ;0.19132 ;0.18721 ;0.18472 ;0.18276 ;0.18165 ;0.18126 ;0.1809 ;0.17998 ;0.17876 ;0.17739 ;0.17655 ;0.17473 ;0.17274 ;0.1711 ;0.16948 ;0.16748 ;0.16617 ;0.16454 ;0.16331 ;0.16194 ;0.16023 ;0.15915 ;0.15761 ;0.15662 ;0.15538 ;0.15416 ;0.1537 ;0.15291 ;0.1529 ;0.15388 ;0.15524 ;0.15713 ;0.15934 ;0.16244 ;0.1661 ;0.16945 ;0.1718 ;0.17402 ;0.17582 ;0.17788 ;0.17951 ;0.18028 ;0.18059 ;0.18053 ;0.17944 ;0.1775 ;0.17525 ;0.17297 ;0.17071 ;0.1689 ;0.16724 ;0.1657 ;0.16449 ;0.1632 ;0.16154 ;0.15986 ;0.15839 ;0.15739 ;0.15701 ;0.15726 ;0.15844 ;0.16057 ;0.16382 ;0.16839 ;0.17422 ;0.18052 ;0.18678 ;0.19291 ;0.19821 ;0.20216 ;0.20585 ;0.21138 ;0.2198 ;0.23173 ;0.24718 ;0.26516 ;0.28421 ;0.30236 ;0.31824 ;0.33098 ;0.33969 ;0.34512 ;0.349 ;0.35188 ;0.3537 ;0.35491 ;0.35484 ;0.35374 ;0.35223 ;0.35009 ;0.34734 ;0.34437 ;0.34087 ;0.33741 ;0.33439 ;0.33171 ;0.32949 ;0.32784 ;0.32617 ;0.32464 ;0.32349 ;0.32225 ;0.3209 ;0.31937 ;0.31714 ;0.31414 ;0.31059 ;0.30648 ;0.30202 ;0.29793 ;0.29389 ;0.29022 ;0.28728 ;0.28475 ;0.28287 ;0.2818 ;0.28102 ;0.28011 ;0.27894
143   ;0.28073 ;0.26686 ;0.25582 ;0.24353 ;0.23192 ;0.22092 ;0.21204 ;0.20571 ;0.20103 ;0.19723 ;0.1959 ;0.19448 ;0.1939 ;0.19194 ;0.19005 ;0.18807 ;0.18544 ;0.18328 ;0.18007 ;0.17705 ;0.1746 ;0.17194 ;0.16935 ;0.16726 ;0.16533 ;0.16304 ;0.16081 ;0.1594 ;0.1573 ;0.15606 ;0.15459 ;0.15322 ;0.15258 ;0.15171 ;0.15134 ;0.15256 ;0.1544 ;0.15741 ;0.16101 ;0.16606 ;0.17209 ;0.17774 ;0.18208 ;0.18626 ;0.18963 ;0.19288 ;0.19545 ;0.19676 ;0.1973 ;0.19708 ;0.19528 ;0.19264 ;0.18983 ;0.18705 ;0.18464 ;0.18271 ;0.18095 ;0.17941 ;0.17808 ;0.1767 ;0.17487 ;0.17308 ;0.17143 ;0.17042 ;0.17037 ;0.17114 ;0.17313 ;0.17639 ;0.18104 ;0.1873 ;0.19506 ;0.20339 ;0.21176 ;0.2198 ;0.22665 ;0.23188 ;0.23691 ;0.24418 ;0.25513 ;0.2706 ;0.29062 ;0.31427 ;0.33967 ;0.36446 ;0.38715 ;0.40569 ;0.41727 ;0.42356 ;0.42775 ;0.43094 ;0.43302 ;0.43418 ;0.43391 ;0.43236 ;0.43026 ;0.42748 ;0.42399 ;0.42042 ;0.41652 ;0.41269 ;0.40936 ;0.40651 ;0.40418 ;0.40252 ;0.40114 ;0.39986 ;0.39888 ;0.39774 ;0.39638 ;0.39457 ;0.39198 ;0.38835 ;0.38424 ;0.37949 ;0.37433 ;0.36958 ;0.36487 ;0.36039 ;0.35648 ;0.3525 ;0.34914 ;0.34655 ;0.34405 ;0.34147 ;0.33873
144   ;0.25754 ;0.24687 ;0.23642 ;0.22666 ;0.21571 ;0.2056 ;0.19835 ;0.19205 ;0.18824 ;0.18409 ;0.18188 ;0.18057 ;0.18023 ;0.17732 ;0.17544 ;0.17314 ;0.17084 ;0.16877 ;0.16542 ;0.16298 ;0.16034 ;0.15799 ;0.15544 ;0.15334 ;0.15122 ;0.14924 ;0.14726 ;0.14571 ;0.14366 ;0.14219 ;0.14094 ;0.13946 ;0.13881 ;0.13808 ;0.13773 ;0.13897 ;0.14052 ;0.14338 ;0.14654 ;0.151 ;0.15601 ;0.16107 ;0.16464 ;0.16828 ;0.17114 ;0.17389 ;0.17608 ;0.1771 ;0.17745 ;0.17721 ;0.17589 ;0.17376 ;0.17139 ;0.1691 ;0.16693 ;0.16527 ;0.16373 ;0.16244 ;0.16145 ;0.16024 ;0.15854 ;0.15693 ;0.15543 ;0.15463 ;0.1546 ;0.15518 ;0.15696 ;0.15985 ;0.16394 ;0.16951 ;0.17631 ;0.18365 ;0.19108 ;0.19817 ;0.20433 ;0.20891 ;0.21312 ;0.21933 ;0.22871 ;0.24207 ;0.25939 ;0.27986 ;0.3019 ;0.32368 ;0.34413 ;0.36097 ;0.37068 ;0.37545 ;0.37854 ;0.38117 ;0.38303 ;0.38443 ;0.38443 ;0.38324 ;0.38163 ;0.37941 ;0.37655 ;0.37357 ;0.37017 ;0.36686 ;0.3639 ;0.36138 ;0.35912 ;0.35764 ;0.35625 ;0.35505 ;0.35421 ;0.35322 ;0.3521 ;0.35073 ;0.34835 ;0.34516 ;0.34152 ;0.33709 ;0.33235 ;0.32799 ;0.32359 ;0.31957 ;0.31605 ;0.31272 ;0.31002 ;0.30801 ;0.30618 ;0.30436 ;0.30253
145   ;0.23135 ;0.22614 ;0.22278 ;0.21868 ;0.21479 ;0.20997 ;0.20659 ;0.20407 ;0.2023 ;0.19983 ;0.19908 ;0.19735 ;0.19632 ;0.19486 ;0.19377 ;0.19271 ;0.19076 ;0.18978 ;0.1873 ;0.18634 ;0.1842 ;0.18272 ;0.18138 ;0.17995 ;0.17845 ;0.17691 ;0.17569 ;0.17444 ;0.17307 ;0.17187 ;0.17082 ;0.16951 ;0.16858 ;0.16781 ;0.16705 ;0.16693 ;0.16709 ;0.16779 ;0.16855 ;0.16997 ;0.17136 ;0.17305 ;0.17376 ;0.1748 ;0.17549 ;0.1761 ;0.17666 ;0.17687 ;0.17665 ;0.17619 ;0.17526 ;0.17364 ;0.17187 ;0.1702 ;0.16843 ;0.16705 ;0.16574 ;0.16465 ;0.16364 ;0.16275 ;0.16166 ;0.16057 ;0.15957 ;0.15886 ;0.15856 ;0.15848 ;0.15893 ;0.16009 ;0.16172 ;0.16416 ;0.16733 ;0.17084 ;0.17451 ;0.17828 ;0.18171 ;0.18455 ;0.18766 ;0.19232 ;0.19918 ;0.20873 ;0.22082 ;0.23473 ;0.24909 ;0.26258 ;0.27392 ;0.28281 ;0.2891 ;0.29337 ;0.29646 ;0.2985 ;0.29973 ;0.3004 ;0.29989 ;0.29875 ;0.29734 ;0.29547 ;0.29307 ;0.29051 ;0.28748 ;0.28455 ;0.28189 ;0.27963 ;0.27768 ;0.27621 ;0.2747 ;0.27327 ;0.27216 ;0.27096 ;0.26989 ;0.26864 ;0.2668 ;0.26437 ;0.26167 ;0.25851 ;0.25514 ;0.25217 ;0.24917 ;0.24648 ;0.24438 ;0.24251 ;0.24115 ;0.24058 ;0.24037 ;0.24011 ;0.23996
146   ;0.20364 ;0.19797 ;0.19437 ;0.19002 ;0.18488 ;0.17776 ;0.17292 ;0.1696 ;0.16729 ;0.16438 ;0.16334 ;0.16204 ;0.1621 ;0.16014 ;0.15986 ;0.15832 ;0.15704 ;0.15602 ;0.15356 ;0.15203 ;0.15022 ;0.14897 ;0.14743 ;0.14644 ;0.14535 ;0.14423 ;0.14283 ;0.14191 ;0.1403 ;0.13948 ;0.13862 ;0.13736 ;0.13721 ;0.13646 ;0.13622 ;0.13708 ;0.13781 ;0.13958 ;0.14128 ;0.14369 ;0.14614 ;0.14861 ;0.14994 ;0.15163 ;0.15285 ;0.15408 ;0.15521 ;0.15554 ;0.15566 ;0.15549 ;0.15452 ;0.15285 ;0.15115 ;0.14919 ;0.14736 ;0.14595 ;0.14468 ;0.14353 ;0.14242 ;0.14165 ;0.14062 ;0.13967 ;0.13859 ;0.138 ;0.13798 ;0.13821 ;0.13927 ;0.14088 ;0.14325 ;0.14654 ;0.15057 ;0.15503 ;0.15958 ;0.16417 ;0.16828 ;0.17164 ;0.17532 ;0.18066 ;0.18822 ;0.1986 ;0.2115 ;0.22601 ;0.24088 ;0.25461 ;0.2659 ;0.27466 ;0.28071 ;0.28501 ;0.28796 ;0.28997 ;0.2912 ;0.29199 ;0.29154 ;0.29043 ;0.28916 ;0.28739 ;0.28512 ;0.28264 ;0.27963 ;0.27673 ;0.27396 ;0.27167 ;0.26958 ;0.26802 ;0.26641 ;0.2649 ;0.26369 ;0.26248 ;0.2614 ;0.26016 ;0.25825 ;0.2558 ;0.25308 ;0.24985 ;0.24644 ;0.24337 ;0.24033 ;0.23761 ;0.23542 ;0.23347 ;0.23204 ;0.23088 ;0.22972 ;0.22766 ;0.22463
147   ;0.19398 ;0.18541 ;0.18048 ;0.17391 ;0.1661 ;0.15787 ;0.15161 ;0.14753 ;0.14565 ;0.14186 ;0.14127 ;0.13999 ;0.13991 ;0.13786 ;0.1378 ;0.13655 ;0.13544 ;0.13427 ;0.13195 ;0.13054 ;0.12895 ;0.12754 ;0.12643 ;0.125 ;0.12447 ;0.12302 ;0.12188 ;0.12116 ;0.11971 ;0.11909 ;0.11835 ;0.1174 ;0.11736 ;0.11706 ;0.11703 ;0.11852 ;0.11992 ;0.12244 ;0.12497 ;0.12838 ;0.13174 ;0.13536 ;0.13748 ;0.13985 ;0.14158 ;0.14337 ;0.145 ;0.14563 ;0.146 ;0.14613 ;0.14522 ;0.1435 ;0.14171 ;0.13971 ;0.13774 ;0.13631 ;0.13498 ;0.13386 ;0.13287 ;0.13214 ;0.13105 ;0.12997 ;0.1289 ;0.12839 ;0.12859 ;0.12907 ;0.13042 ;0.13246 ;0.13536 ;0.13931 ;0.14403 ;0.14921 ;0.15445 ;0.15972 ;0.16445 ;0.16814 ;0.17202 ;0.17764 ;0.18557 ;0.19651 ;0.21011 ;0.22542 ;0.24139 ;0.25624 ;0.2685 ;0.2783 ;0.28511 ;0.29002 ;0.2936 ;0.29607 ;0.29765 ;0.29878 ;0.29866 ;0.29779 ;0.2966 ;0.29498 ;0.29283 ;0.29038 ;0.28744 ;0.28452 ;0.28176 ;0.27954 ;0.27749 ;0.27597 ;0.27444 ;0.27308 ;0.27195 ;0.27084 ;0.2699 ;0.26873 ;0.2669 ;0.2645 ;0.26184 ;0.25861 ;0.25515 ;0.2521 ;0.24901 ;0.24617 ;0.24398 ;0.24184 ;0.24028 ;0.23911 ;0.23781 ;0.23558 ;0.23226
148   ;0.20229 ;0.19643 ;0.19324 ;0.18683 ;0.1821 ;0.17748 ;0.17309 ;0.17123 ;0.16848 ;0.16575 ;0.16463 ;0.16379 ;0.16276 ;0.16118 ;0.16019 ;0.15912 ;0.15771 ;0.15586 ;0.1543 ;0.15255 ;0.15099 ;0.14955 ;0.14802 ;0.14707 ;0.14567 ;0.14448 ;0.14295 ;0.14212 ;0.14047 ;0.13963 ;0.13851 ;0.13727 ;0.13674 ;0.13577 ;0.1354 ;0.13563 ;0.13578 ;0.13694 ;0.13808 ;0.13981 ;0.14166 ;0.14345 ;0.14466 ;0.14596 ;0.14682 ;0.14775 ;0.14866 ;0.1488 ;0.14894 ;0.14866 ;0.1476 ;0.14597 ;0.14422 ;0.14245 ;0.14085 ;0.13941 ;0.13824 ;0.1371 ;0.1362 ;0.13536 ;0.1343 ;0.13326 ;0.13229 ;0.13171 ;0.13142 ;0.13157 ;0.13225 ;0.13352 ;0.13551 ;0.13819 ;0.14162 ;0.14543 ;0.14933 ;0.15334 ;0.15702 ;0.15993 ;0.16315 ;0.168 ;0.17485 ;0.18431 ;0.19618 ;0.20956 ;0.22331 ;0.23597 ;0.24646 ;0.2546 ;0.26026 ;0.26425 ;0.26708 ;0.26909 ;0.27029 ;0.27101 ;0.27067 ;0.26973 ;0.26852 ;0.26685 ;0.26478 ;0.26242 ;0.25961 ;0.2569 ;0.2544 ;0.25223 ;0.25032 ;0.24891 ;0.24753 ;0.24613 ;0.24502 ;0.24388 ;0.24287 ;0.24175 ;0.24 ;0.23777 ;0.23521 ;0.23231 ;0.22908 ;0.22623 ;0.22344 ;0.22093 ;0.21907 ;0.21735 ;0.21631 ;0.21591 ;0.21603 ;0.21631 ;0.2166
149   ;0.22674 ;0.22577 ;0.22717 ;0.22617 ;0.22513 ;0.22072 ;0.21935 ;0.21704 ;0.2157 ;0.21218 ;0.21104 ;0.20941 ;0.20897 ;0.20601 ;0.20548 ;0.20378 ;0.20185 ;0.20029 ;0.19689 ;0.19484 ;0.19268 ;0.19077 ;0.18868 ;0.18672 ;0.18495 ;0.18308 ;0.18103 ;0.17964 ;0.17715 ;0.17571 ;0.1743 ;0.17189 ;0.17121 ;0.16942 ;0.16812 ;0.16795 ;0.16728 ;0.16773 ;0.168 ;0.16902 ;0.17 ;0.17136 ;0.17129 ;0.17204 ;0.17215 ;0.17249 ;0.17287 ;0.17245 ;0.17206 ;0.17146 ;0.17013 ;0.16821 ;0.16608 ;0.16384 ;0.16176 ;0.16001 ;0.15832 ;0.15672 ;0.1554 ;0.15423 ;0.15269 ;0.15132 ;0.14995 ;0.14898 ;0.14853 ;0.14825 ;0.14871 ;0.14965 ;0.1512 ;0.15372 ;0.15693 ;0.16061 ;0.1644 ;0.16826 ;0.17177 ;0.17452 ;0.17752 ;0.18228 ;0.18922 ;0.19894 ;0.21142 ;0.22558 ;0.24026 ;0.254 ;0.26531 ;0.27415 ;0.28018 ;0.28439 ;0.28739 ;0.28937 ;0.29048 ;0.29118 ;0.29062 ;0.28943 ;0.28798 ;0.286 ;0.2836 ;0.28103 ;0.27792 ;0.27491 ;0.27213 ;0.26981 ;0.26774 ;0.26617 ;0.26457 ;0.26312 ;0.26181 ;0.2606 ;0.25943 ;0.25812 ;0.2562 ;0.25368 ;0.25088 ;0.24759 ;0.24406 ;0.24088 ;0.23776 ;0.2349 ;0.2327 ;0.23058 ;0.22914 ;0.22795 ;0.22679 ;0.22467 ;0.22154
150   ;0.18144 ;0.1714 ;0.16418 ;0.15669 ;0.14807 ;0.13833 ;0.1319 ;0.12685 ;0.12494 ;0.1218 ;0.12123 ;0.12132 ;0.12178 ;0.12017 ;0.12031 ;0.11943 ;0.11799 ;0.11706 ;0.11479 ;0.11331 ;0.11176 ;0.11017 ;0.10911 ;0.10775 ;0.10702 ;0.10575 ;0.10441 ;0.10357 ;0.10232 ;0.10149 ;0.10092 ;0.09985 ;0.10004 ;0.09988 ;0.10052 ;0.1025 ;0.10459 ;0.10776 ;0.11091 ;0.11513 ;0.11954 ;0.12363 ;0.12622 ;0.1291 ;0.13138 ;0.13371 ;0.13582 ;0.13696 ;0.1378 ;0.13836 ;0.13778 ;0.13631 ;0.13461 ;0.13257 ;0.1305 ;0.12896 ;0.1275 ;0.12639 ;0.1253 ;0.12418 ;0.12279 ;0.12137 ;0.11998 ;0.11927 ;0.1193 ;0.11984 ;0.12142 ;0.12392 ;0.12748 ;0.13232 ;0.13826 ;0.14465 ;0.15094 ;0.15722 ;0.16261 ;0.16645 ;0.17002 ;0.17522 ;0.18307 ;0.19418 ;0.20839 ;0.22482 ;0.2422 ;0.25866 ;0.27276 ;0.2841 ;0.2917 ;0.29684 ;0.3006 ;0.30337 ;0.30532 ;0.30678 ;0.30694 ;0.30632 ;0.30525 ;0.30361 ;0.30137 ;0.29883 ;0.29572 ;0.29267 ;0.28986 ;0.28751 ;0.28547 ;0.28395 ;0.28248 ;0.28106 ;0.27995 ;0.27879 ;0.27772 ;0.2764 ;0.27438 ;0.27154 ;0.26836 ;0.26449 ;0.26035 ;0.25648 ;0.25271 ;0.24926 ;0.24651 ;0.24396 ;0.24214 ;0.24074 ;0.23935 ;0.23707 ;0.23376
151   ;0.23478 ;0.23096 ;0.22885 ;0.22499 ;0.2206 ;0.21721 ;0.21437 ;0.21184 ;0.20973 ;0.20761 ;0.20615 ;0.2043 ;0.20279 ;0.20112 ;0.19933 ;0.19769 ;0.19584 ;0.19407 ;0.19174 ;0.19022 ;0.18816 ;0.18639 ;0.18469 ;0.18312 ;0.18132 ;0.17984 ;0.17797 ;0.17682 ;0.1751 ;0.17377 ;0.1726 ;0.17097 ;0.16992 ;0.16869 ;0.16768 ;0.16743 ;0.16755 ;0.16793 ;0.16847 ;0.16951 ;0.17106 ;0.17212 ;0.17273 ;0.17339 ;0.1738 ;0.17441 ;0.1748 ;0.17478 ;0.17465 ;0.1741 ;0.17293 ;0.1714 ;0.16952 ;0.16771 ;0.16602 ;0.16449 ;0.16312 ;0.16183 ;0.16088 ;0.1599 ;0.15866 ;0.15755 ;0.15649 ;0.15574 ;0.15526 ;0.15518 ;0.15565 ;0.15661 ;0.15824 ;0.16064 ;0.16371 ;0.16717 ;0.17079 ;0.17444 ;0.1778 ;0.18063 ;0.18377 ;0.18845 ;0.19532 ;0.20476 ;0.21669 ;0.23022 ;0.24398 ;0.25666 ;0.26722 ;0.2754 ;0.28103 ;0.28474 ;0.28753 ;0.28937 ;0.29059 ;0.29123 ;0.29084 ;0.28967 ;0.28829 ;0.28644 ;0.28404 ;0.28148 ;0.27851 ;0.27554 ;0.27298 ;0.27061 ;0.26865 ;0.2672 ;0.26561 ;0.26407 ;0.26294 ;0.26172 ;0.26057 ;0.25932 ;0.25757 ;0.25526 ;0.25263 ;0.24952 ;0.24624 ;0.24329 ;0.24046 ;0.23793 ;0.23598 ;0.23429 ;0.23311 ;0.23254 ;0.23247 ;0.23239 ;0.23237
152   ;0.1887 ;0.17963 ;0.17265 ;0.1648 ;0.15686 ;0.14953 ;0.14404 ;0.14029 ;0.1378 ;0.13409 ;0.13297 ;0.1323 ;0.13119 ;0.1295 ;0.12886 ;0.12746 ;0.12617 ;0.12472 ;0.12288 ;0.12151 ;0.12028 ;0.11889 ;0.11768 ;0.11685 ;0.11566 ;0.11454 ;0.11321 ;0.11255 ;0.11125 ;0.11064 ;0.10998 ;0.10923 ;0.10887 ;0.10878 ;0.10901 ;0.11017 ;0.11167 ;0.1139 ;0.11636 ;0.11952 ;0.1228 ;0.12588 ;0.128 ;0.13007 ;0.13179 ;0.13336 ;0.1347 ;0.13519 ;0.13558 ;0.13548 ;0.13454 ;0.13287 ;0.13112 ;0.12928 ;0.12764 ;0.12625 ;0.12511 ;0.12407 ;0.12336 ;0.12272 ;0.12172 ;0.12071 ;0.11994 ;0.11949 ;0.11952 ;0.12 ;0.12124 ;0.12317 ;0.12586 ;0.12948 ;0.13383 ;0.13855 ;0.14338 ;0.14819 ;0.15248 ;0.156 ;0.15975 ;0.16521 ;0.17273 ;0.18297 ;0.19579 ;0.20993 ;0.22444 ;0.23765 ;0.24848 ;0.25686 ;0.26267 ;0.26682 ;0.26986 ;0.27213 ;0.27351 ;0.27448 ;0.27443 ;0.27358 ;0.27257 ;0.27112 ;0.2691 ;0.26676 ;0.26397 ;0.26117 ;0.25854 ;0.25633 ;0.25433 ;0.25277 ;0.25115 ;0.24961 ;0.24842 ;0.24721 ;0.24623 ;0.24504 ;0.24331 ;0.24101 ;0.2384 ;0.23538 ;0.23205 ;0.22919 ;0.22634 ;0.22381 ;0.22193 ;0.22022 ;0.21928 ;0.21908 ;0.21937 ;0.21976 ;0.22019
153   ;0.17842 ;0.1698 ;0.1628 ;0.15522 ;0.14815 ;0.13933 ;0.13323 ;0.12926 ;0.12691 ;0.12396 ;0.12395 ;0.12358 ;0.12408 ;0.12236 ;0.12256 ;0.12141 ;0.12013 ;0.11963 ;0.11735 ;0.11598 ;0.11453 ;0.11335 ;0.11215 ;0.11117 ;0.1103 ;0.10918 ;0.10816 ;0.10733 ;0.10604 ;0.10556 ;0.105 ;0.10412 ;0.10418 ;0.1043 ;0.10501 ;0.10707 ;0.10915 ;0.11195 ;0.11489 ;0.1188 ;0.12283 ;0.1265 ;0.12862 ;0.13103 ;0.13282 ;0.13467 ;0.13651 ;0.13739 ;0.13803 ;0.13829 ;0.13792 ;0.13671 ;0.1351 ;0.13326 ;0.13134 ;0.12983 ;0.12843 ;0.12729 ;0.12634 ;0.12546 ;0.12416 ;0.12289 ;0.12168 ;0.12108 ;0.12122 ;0.12181 ;0.12339 ;0.1258 ;0.12919 ;0.13386 ;0.1396 ;0.14566 ;0.15163 ;0.1575 ;0.16261 ;0.16627 ;0.1698 ;0.17519 ;0.1833 ;0.19465 ;0.20891 ;0.22497 ;0.24138 ;0.25645 ;0.26875 ;0.27821 ;0.28475 ;0.28936 ;0.29267 ;0.29512 ;0.29672 ;0.29787 ;0.29777 ;0.29689 ;0.29572 ;0.29389 ;0.29158 ;0.28897 ;0.28591 ;0.28279 ;0.2799 ;0.27752 ;0.27533 ;0.27374 ;0.27207 ;0.27049 ;0.26911 ;0.26781 ;0.26657 ;0.26524 ;0.26319 ;0.26039 ;0.2572 ;0.25337 ;0.24921 ;0.2454 ;0.24172 ;0.23843 ;0.23596 ;0.23376 ;0.23239 ;0.23168 ;0.23094 ;0.22935 ;0.22664
154   ;0.262 ;0.25294 ;0.24361 ;0.2345 ;0.2246 ;0.21562 ;0.2088 ;0.20233 ;0.19727 ;0.19326 ;0.19032 ;0.18803 ;0.18591 ;0.18316 ;0.18046 ;0.17778 ;0.17513 ;0.17169 ;0.16813 ;0.16536 ;0.16221 ;0.15908 ;0.1564 ;0.1536 ;0.15132 ;0.14913 ;0.14652 ;0.14482 ;0.14239 ;0.14067 ;0.13928 ;0.13752 ;0.13669 ;0.13568 ;0.13511 ;0.136 ;0.13748 ;0.13983 ;0.14269 ;0.14687 ;0.15169 ;0.15629 ;0.15965 ;0.16262 ;0.16523 ;0.16739 ;0.16919 ;0.1701 ;0.17042 ;0.17008 ;0.16863 ;0.16652 ;0.16408 ;0.16158 ;0.15921 ;0.15734 ;0.15575 ;0.15435 ;0.15307 ;0.15175 ;0.15007 ;0.14861 ;0.14733 ;0.14656 ;0.14654 ;0.14727 ;0.14904 ;0.15194 ;0.15615 ;0.1618 ;0.16867 ;0.17595 ;0.1831 ;0.18994 ;0.19582 ;0.20034 ;0.20495 ;0.21172 ;0.22181 ;0.23604 ;0.25414 ;0.27517 ;0.29722 ;0.31817 ;0.33627 ;0.35061 ;0.36074 ;0.36742 ;0.37205 ;0.3751 ;0.37686 ;0.37768 ;0.37687 ;0.37509 ;0.37278 ;0.36992 ;0.3665 ;0.36294 ;0.35908 ;0.35535 ;0.35213 ;0.34933 ;0.34721 ;0.34564 ;0.34417 ;0.34279 ;0.34167 ;0.34029 ;0.33883 ;0.33705 ;0.33465 ;0.33148 ;0.32799 ;0.32396 ;0.31971 ;0.31588 ;0.3121 ;0.30864 ;0.30558 ;0.30258 ;0.30012 ;0.2983 ;0.29684 ;0.29528 ;0.29369
155   ;0.24398 ;0.23642 ;0.23034 ;0.22348 ;0.21545 ;0.20613 ;0.20013 ;0.19503 ;0.1924 ;0.18784 ;0.18649 ;0.18571 ;0.18533 ;0.18287 ;0.18217 ;0.18054 ;0.17863 ;0.1772 ;0.1741 ;0.17173 ;0.16981 ;0.16786 ;0.16602 ;0.1644 ;0.163 ;0.16132 ;0.15949 ;0.15843 ;0.15649 ;0.15558 ;0.1547 ;0.15318 ;0.15291 ;0.15198 ;0.15163 ;0.15272 ;0.15369 ;0.15601 ;0.15824 ;0.16183 ;0.16569 ;0.16963 ;0.17193 ;0.17489 ;0.17686 ;0.17893 ;0.18078 ;0.18134 ;0.18147 ;0.18132 ;0.18032 ;0.17849 ;0.17669 ;0.1746 ;0.17277 ;0.17139 ;0.17004 ;0.16875 ;0.16768 ;0.16674 ;0.16537 ;0.16401 ;0.16269 ;0.16198 ;0.16204 ;0.16248 ;0.16384 ;0.16607 ;0.16924 ;0.17373 ;0.17919 ;0.18512 ;0.19112 ;0.19697 ;0.20206 ;0.20581 ;0.20948 ;0.21483 ;0.22285 ;0.23448 ;0.24948 ;0.26711 ;0.28622 ;0.30494 ;0.32203 ;0.3361 ;0.34482 ;0.3499 ;0.35337 ;0.35601 ;0.35775 ;0.35897 ;0.35887 ;0.35777 ;0.35631 ;0.35422 ;0.35167 ;0.34893 ;0.34575 ;0.34274 ;0.33999 ;0.33777 ;0.33575 ;0.33447 ;0.3332 ;0.33208 ;0.33126 ;0.33031 ;0.32939 ;0.32809 ;0.32598 ;0.32318 ;0.32 ;0.31624 ;0.3121 ;0.30828 ;0.30442 ;0.30084 ;0.29779 ;0.29481 ;0.29238 ;0.29024 ;0.28804 ;0.285 ;0.28113
156   ;0.20853 ;0.19724 ;0.18858 ;0.17955 ;0.1692 ;0.1594 ;0.15172 ;0.14712 ;0.14454 ;0.14157 ;0.14159 ;0.14202 ;0.14283 ;0.14154 ;0.14131 ;0.14018 ;0.13857 ;0.13766 ;0.13514 ;0.13344 ;0.1317 ;0.12993 ;0.12861 ;0.12719 ;0.12636 ;0.12473 ;0.12334 ;0.12239 ;0.12081 ;0.11997 ;0.11905 ;0.11799 ;0.11779 ;0.1177 ;0.11826 ;0.12031 ;0.12262 ;0.12585 ;0.12936 ;0.13392 ;0.13892 ;0.14357 ;0.14676 ;0.15013 ;0.15284 ;0.1556 ;0.15807 ;0.15922 ;0.15984 ;0.16005 ;0.15906 ;0.15739 ;0.15536 ;0.15323 ;0.15111 ;0.14944 ;0.1479 ;0.14657 ;0.14547 ;0.14438 ;0.14273 ;0.14096 ;0.13939 ;0.13854 ;0.1385 ;0.13903 ;0.14069 ;0.1434 ;0.14729 ;0.15262 ;0.15918 ;0.16632 ;0.17337 ;0.18022 ;0.18609 ;0.19019 ;0.19389 ;0.19937 ;0.20768 ;0.21971 ;0.23537 ;0.25378 ;0.27382 ;0.29367 ;0.31229 ;0.32755 ;0.33612 ;0.34012 ;0.34277 ;0.34514 ;0.347 ;0.3485 ;0.34858 ;0.34773 ;0.34647 ;0.34453 ;0.34203 ;0.33924 ;0.33599 ;0.33281 ;0.32994 ;0.32745 ;0.32516 ;0.32357 ;0.32209 ;0.32081 ;0.31982 ;0.31877 ;0.31774 ;0.31633 ;0.31406 ;0.31074 ;0.30698 ;0.30251 ;0.29761 ;0.2931 ;0.28863 ;0.28452 ;0.28121 ;0.27817 ;0.27586 ;0.27404 ;0.27238 ;0.27005 ;0.26704
157   ;0.20702 ;0.19165 ;0.17832 ;0.16577 ;0.15323 ;0.14178 ;0.13331 ;0.12878 ;0.12541 ;0.12379 ;0.12436 ;0.12598 ;0.1285 ;0.12745 ;0.12658 ;0.12498 ;0.12441 ;0.1232 ;0.12132 ;0.11991 ;0.11827 ;0.11654 ;0.11521 ;0.11387 ;0.11281 ;0.11162 ;0.1103 ;0.10937 ;0.10772 ;0.10706 ;0.10605 ;0.10518 ;0.1048 ;0.1047 ;0.10529 ;0.10682 ;0.1095 ;0.11324 ;0.11729 ;0.12275 ;0.12918 ;0.13524 ;0.13965 ;0.14391 ;0.14793 ;0.1517 ;0.15483 ;0.15593 ;0.15643 ;0.1563 ;0.15499 ;0.1528 ;0.15036 ;0.14832 ;0.14674 ;0.14526 ;0.14389 ;0.14275 ;0.14208 ;0.14107 ;0.13929 ;0.13731 ;0.13553 ;0.13442 ;0.1342 ;0.13484 ;0.13653 ;0.13936 ;0.14353 ;0.14913 ;0.15615 ;0.16393 ;0.17178 ;0.17933 ;0.18585 ;0.19052 ;0.1942 ;0.1993 ;0.20726 ;0.21918 ;0.23509 ;0.25449 ;0.2766 ;0.29978 ;0.32443 ;0.34546 ;0.3544 ;0.35532 ;0.35577 ;0.35765 ;0.35997 ;0.36221 ;0.36322 ;0.36303 ;0.36239 ;0.36097 ;0.35894 ;0.35646 ;0.35361 ;0.35089 ;0.34832 ;0.34594 ;0.34361 ;0.34195 ;0.34057 ;0.33966 ;0.33926 ;0.33871 ;0.33817 ;0.33713 ;0.33486 ;0.33146 ;0.32715 ;0.32207 ;0.31641 ;0.31114 ;0.30587 ;0.30096 ;0.29692 ;0.29318 ;0.29027 ;0.28807 ;0.28652 ;0.28522 ;0.28456
158   ;0.18217 ;0.17257 ;0.1648 ;0.15628 ;0.14846 ;0.14029 ;0.13567 ;0.13173 ;0.12862 ;0.12634 ;0.12567 ;0.12487 ;0.12464 ;0.123 ;0.12249 ;0.121 ;0.1195 ;0.11812 ;0.11601 ;0.11427 ;0.1128 ;0.111 ;0.10962 ;0.1085 ;0.10734 ;0.10583 ;0.10454 ;0.1034 ;0.10191 ;0.10104 ;0.10002 ;0.09894 ;0.09843 ;0.09826 ;0.09856 ;0.09977 ;0.10126 ;0.10339 ;0.10565 ;0.10875 ;0.11216 ;0.11521 ;0.11738 ;0.11931 ;0.12102 ;0.12298 ;0.12451 ;0.12525 ;0.1258 ;0.12584 ;0.12511 ;0.12372 ;0.12199 ;0.12003 ;0.11819 ;0.11656 ;0.11514 ;0.11376 ;0.11281 ;0.11179 ;0.11027 ;0.10878 ;0.10758 ;0.10679 ;0.10656 ;0.10705 ;0.10833 ;0.1106 ;0.11382 ;0.11822 ;0.12377 ;0.12963 ;0.13544 ;0.14116 ;0.14607 ;0.14955 ;0.15301 ;0.15818 ;0.16591 ;0.17697 ;0.19098 ;0.20699 ;0.2238 ;0.2396 ;0.25326 ;0.2641 ;0.27113 ;0.27551 ;0.27867 ;0.28107 ;0.28272 ;0.2838 ;0.28374 ;0.28276 ;0.28146 ;0.27959 ;0.27722 ;0.27449 ;0.27138 ;0.26836 ;0.26557 ;0.2632 ;0.26106 ;0.25962 ;0.25807 ;0.25667 ;0.25552 ;0.2543 ;0.25318 ;0.25184 ;0.24986 ;0.24713 ;0.24388 ;0.24019 ;0.23614 ;0.23236 ;0.22875 ;0.22552 ;0.22309 ;0.22109 ;0.22007 ;0.21994 ;0.22038 ;0.22108 ;0.22183
159   ;0.26325 ;0.24889 ;0.23817 ;0.2269 ;0.21488 ;0.20228 ;0.1937 ;0.18719 ;0.1829 ;0.17895 ;0.17738 ;0.1773 ;0.17815 ;0.17576 ;0.1745 ;0.17262 ;0.17036 ;0.16831 ;0.16485 ;0.16271 ;0.15995 ;0.15739 ;0.15544 ;0.15301 ;0.15123 ;0.14924 ;0.14726 ;0.14562 ;0.14377 ;0.14246 ;0.14118 ;0.13972 ;0.1392 ;0.13857 ;0.13865 ;0.14032 ;0.1426 ;0.14622 ;0.15032 ;0.15587 ;0.16222 ;0.1684 ;0.17267 ;0.17716 ;0.18067 ;0.18416 ;0.18723 ;0.18843 ;0.1889 ;0.18886 ;0.18735 ;0.18506 ;0.18237 ;0.17976 ;0.17754 ;0.17564 ;0.17395 ;0.17248 ;0.17123 ;0.16991 ;0.16802 ;0.16611 ;0.16434 ;0.1635 ;0.16356 ;0.16441 ;0.16661 ;0.17005 ;0.17483 ;0.18132 ;0.18929 ;0.19787 ;0.20638 ;0.21451 ;0.22151 ;0.22672 ;0.2315 ;0.23842 ;0.24895 ;0.26411 ;0.28372 ;0.30687 ;0.33214 ;0.35722 ;0.38088 ;0.40049 ;0.41155 ;0.41682 ;0.42014 ;0.4229 ;0.425 ;0.4265 ;0.42632 ;0.42499 ;0.4232 ;0.42052 ;0.4173 ;0.41392 ;0.41006 ;0.40651 ;0.40327 ;0.40047 ;0.39801 ;0.39629 ;0.39483 ;0.39354 ;0.39261 ;0.39153 ;0.39031 ;0.38862 ;0.38589 ;0.38222 ;0.37788 ;0.37276 ;0.36726 ;0.36218 ;0.35715 ;0.35234 ;0.34826 ;0.34425 ;0.34106 ;0.33848 ;0.33603 ;0.33309 ;0.32975
