  ;1158.8;1166.95;1175.1;1183.25;1191.4;1199.55;1207.7;1215.85;1224;1232.15;1240.3;1248.45;1256.6;1264.75;1272.9;1281.05;1289.2;1297.35;1305.5;1313.65;1321.8;1329.95;1338.1;1346.25;1354.4;1362.55;1370.7;1378.85;1387;1395.15;1403.3;1411.45;1419.6;1427.75;1435.9;1444.05;1452.2;1460.35;1468.5;1476.65;1484.8;1492.95;1501.1;1509.25;1517.4;1525.55;1533.7;1541.85;1550;1558.15;1566.3;1574.45;1582.6;1590.75;1598.9;1607.05;1615.2;1623.35;1631.5;1639.65;1647.8;1655.95;1664.1;1672.25;1680.4;1688.55;1696.7;1704.85;1713;1721.15;1729.3;1737.45;1745.6;1753.75;1761.9;1770.05;1778.2;1786.35;1794.5;1802.65;1810.8;1818.95;1827.1;1835.25;1843.4;1851.55;1859.7;1867.85;1876;1884.15;1892.3;1900.45;1908.6;1916.75;1924.9;1933.05;1941.2;1949.35;1957.5;1965.65;1973.8;1981.95;1990.1;1998.25;2006.4;2014.55;2022.7;2030.85;2039;2047.15;2055.3;2063.45;2071.6;2079.75;2087.9;2096.05;2104.2;2112.35;2120.5;2128.65;2136.8;2144.95;2153.1;2161.25;2169.4
100   ;0.12096 ;0.12377 ;0.13006 ;0.12842 ;0.13357 ;0.13798 ;0.13119 ;0.12847 ;0.13129 ;0.13009 ;0.12453 ;0.12272 ;0.12138 ;0.12108 ;0.11885 ;0.12005 ;0.11889 ;0.11522 ;0.11527 ;0.11615 ;0.11682 ;0.11966 ;0.12674 ;0.12927 ;0.13826 ;0.14369 ;0.14642 ;0.15281 ;0.15683 ;0.16775 ;0.18272 ;0.20192 ;0.21736 ;0.23359 ;0.24485 ;0.25396 ;0.25787 ;0.26093 ;0.26295 ;0.26484 ;0.26312 ;0.26112 ;0.25994 ;0.2538 ;0.25251 ;0.25052 ;0.248 ;0.24625 ;0.24355 ;0.2428 ;0.24103 ;0.24104 ;0.24025 ;0.23718 ;0.23252 ;0.22984 ;0.22464 ;0.22097 ;0.2198 ;0.21675 ;0.21616 ;0.21629 ;0.22117 ;0.22247 ;0.22475 ;0.22846 ;0.23227 ;0.23307 ;0.23592 ;0.23896 ;0.23772 ;0.24032 ;0.23821 ;0.23964 ;0.24204 ;0.24093 ;0.24112 ;0.24106 ;0.23802 ;0.23948 ;0.23843 ;0.2363 ;0.23421 ;0.23248 ;0.23134 ;0.22938 ;0.23167 ;0.23752 ;0.2475 ;0.2638 ;0.29028 ;0.32178 ;0.35083 ;0.37107 ;0.3838 ;0.38765 ;0.38509 ;0.37755 ;0.3676 ;0.35929 ;0.35014 ;0.33977 ;0.32993 ;0.32388 ;0.32032 ;0.31665 ;0.31702 ;0.32041 ;0.32424 ;0.33045 ;0.33827 ;0.34471 ;0.34946 ;0.35051 ;0.34974 ;0.34701 ;0.3403 ;0.33577 ;0.33061 ;0.31761 ;0.30464 ;0.27783 ;0.26916 ;0.27403 ;0.24463
101   ;0.14517 ;0.14763 ;0.14962 ;0.15103 ;0.15878 ;0.15575 ;0.15505 ;0.15326 ;0.15073 ;0.14907 ;0.14589 ;0.1432 ;0.14269 ;0.14225 ;0.13789 ;0.1385 ;0.13517 ;0.13173 ;0.13306 ;0.13153 ;0.1343 ;0.13774 ;0.14404 ;0.15215 ;0.16201 ;0.1695 ;0.17607 ;0.1808 ;0.18612 ;0.19705 ;0.21318 ;0.23672 ;0.26294 ;0.29089 ;0.32093 ;0.32642 ;0.32673 ;0.33037 ;0.33435 ;0.33784 ;0.33794 ;0.33567 ;0.33438 ;0.32923 ;0.3279 ;0.3254 ;0.32388 ;0.32183 ;0.31743 ;0.32048 ;0.31892 ;0.31941 ;0.31596 ;0.31253 ;0.30739 ;0.30102 ;0.29307 ;0.28739 ;0.28219 ;0.27805 ;0.27454 ;0.27309 ;0.27506 ;0.27552 ;0.27936 ;0.28242 ;0.28396 ;0.28293 ;0.28643 ;0.28974 ;0.28978 ;0.29144 ;0.29087 ;0.29244 ;0.29296 ;0.29249 ;0.29057 ;0.28782 ;0.28683 ;0.28506 ;0.28175 ;0.28073 ;0.27667 ;0.27221 ;0.27025 ;0.26767 ;0.26933 ;0.27579 ;0.28443 ;0.29965 ;0.3266 ;0.35845 ;0.38877 ;0.41346 ;0.42944 ;0.43807 ;0.43763 ;0.43005 ;0.4216 ;0.41373 ;0.40385 ;0.39282 ;0.38402 ;0.38172 ;0.38096 ;0.38144 ;0.38735 ;0.39445 ;0.40838 ;0.42279 ;0.43993 ;0.45413 ;0.46416 ;0.46961 ;0.4689 ;0.46091 ;0.44711 ;0.44096 ;0.42743 ;0.40789 ;0.38954 ;0.34938 ;0.33694 ;0.34391 ;0.30236
102   ;0.1133 ;0.11539 ;0.11492 ;0.11699 ;0.11977 ;0.11885 ;0.11697 ;0.11789 ;0.11648 ;0.113 ;0.11144 ;0.10832 ;0.10862 ;0.10656 ;0.10494 ;0.10417 ;0.10127 ;0.10272 ;0.10166 ;0.1015 ;0.10334 ;0.10542 ;0.10972 ;0.11694 ;0.12051 ;0.1272 ;0.13197 ;0.13494 ;0.1415 ;0.15167 ;0.16413 ;0.18081 ;0.1971 ;0.20929 ;0.22154 ;0.22762 ;0.23118 ;0.23469 ;0.23762 ;0.23723 ;0.23692 ;0.23465 ;0.23246 ;0.22897 ;0.22642 ;0.22293 ;0.22222 ;0.22025 ;0.21851 ;0.21767 ;0.21591 ;0.21571 ;0.21426 ;0.2114 ;0.20781 ;0.2053 ;0.19999 ;0.19855 ;0.19513 ;0.19363 ;0.19352 ;0.19447 ;0.19694 ;0.20064 ;0.20301 ;0.20606 ;0.208 ;0.21085 ;0.21317 ;0.21616 ;0.21587 ;0.21554 ;0.21632 ;0.21681 ;0.21734 ;0.21821 ;0.21737 ;0.21636 ;0.21588 ;0.21464 ;0.21429 ;0.2126 ;0.21102 ;0.20856 ;0.20768 ;0.20642 ;0.20833 ;0.21401 ;0.22326 ;0.23943 ;0.26456 ;0.29485 ;0.32032 ;0.34117 ;0.3527 ;0.35566 ;0.35239 ;0.34579 ;0.33766 ;0.32896 ;0.31966 ;0.31042 ;0.30203 ;0.29605 ;0.29081 ;0.28748 ;0.28726 ;0.28974 ;0.29447 ;0.29954 ;0.30615 ;0.31169 ;0.31484 ;0.31785 ;0.31724 ;0.3139 ;0.31161 ;0.30679 ;0.30157 ;0.29135 ;0.27977 ;0.25643 ;0.24894 ;0.25315 ;0.22767
103   ;0.11486 ;0.12156 ;0.12462 ;0.12193 ;0.12911 ;0.13177 ;0.12824 ;0.12357 ;0.12507 ;0.12723 ;0.1198 ;0.11817 ;0.11642 ;0.11729 ;0.11432 ;0.11463 ;0.11543 ;0.11073 ;0.11043 ;0.11265 ;0.11286 ;0.11486 ;0.12189 ;0.12405 ;0.13178 ;0.13671 ;0.13934 ;0.14658 ;0.14767 ;0.16106 ;0.17395 ;0.1915 ;0.20539 ;0.22281 ;0.23273 ;0.24102 ;0.24523 ;0.24779 ;0.24899 ;0.25134 ;0.24971 ;0.24683 ;0.24663 ;0.24006 ;0.23878 ;0.23635 ;0.23533 ;0.23366 ;0.23 ;0.22976 ;0.22767 ;0.22835 ;0.22604 ;0.2237 ;0.22036 ;0.21692 ;0.21207 ;0.20885 ;0.20729 ;0.20482 ;0.20318 ;0.20355 ;0.20806 ;0.21001 ;0.21193 ;0.21586 ;0.21961 ;0.22118 ;0.22399 ;0.22748 ;0.22598 ;0.22894 ;0.22565 ;0.22703 ;0.22946 ;0.22815 ;0.22804 ;0.22713 ;0.22499 ;0.22549 ;0.22323 ;0.22216 ;0.21977 ;0.21746 ;0.21733 ;0.21578 ;0.21742 ;0.2231 ;0.23271 ;0.24852 ;0.27507 ;0.30442 ;0.33237 ;0.35192 ;0.36343 ;0.36756 ;0.36595 ;0.35795 ;0.34941 ;0.3415 ;0.33177 ;0.32209 ;0.3132 ;0.30715 ;0.30307 ;0.29984 ;0.29994 ;0.30263 ;0.30737 ;0.31342 ;0.32048 ;0.32531 ;0.32976 ;0.33218 ;0.33031 ;0.32841 ;0.31989 ;0.31677 ;0.31283 ;0.29766 ;0.28481 ;0.26051 ;0.25255 ;0.25703 ;0.22995
104   ;0.19058 ;0.19477 ;0.19917 ;0.20213 ;0.20859 ;0.21021 ;0.2081 ;0.20667 ;0.20568 ;0.20159 ;0.19709 ;0.19449 ;0.19388 ;0.19031 ;0.18741 ;0.18837 ;0.18257 ;0.18167 ;0.18165 ;0.18233 ;0.18469 ;0.18929 ;0.19917 ;0.20974 ;0.22137 ;0.23288 ;0.23982 ;0.24673 ;0.25707 ;0.27043 ;0.29507 ;0.32779 ;0.36209 ;0.39306 ;0.42881 ;0.4428 ;0.44597 ;0.45178 ;0.45795 ;0.45775 ;0.45792 ;0.45394 ;0.4502 ;0.44316 ;0.44032 ;0.43357 ;0.43806 ;0.43301 ;0.42971 ;0.42857 ;0.4286 ;0.4275 ;0.42406 ;0.41994 ;0.41181 ;0.40828 ;0.39561 ;0.39136 ;0.38387 ;0.37885 ;0.37372 ;0.37259 ;0.37287 ;0.37545 ;0.37738 ;0.38193 ;0.38313 ;0.38495 ;0.38733 ;0.39102 ;0.39062 ;0.39286 ;0.39274 ;0.39479 ;0.39599 ;0.3956 ;0.39407 ;0.39014 ;0.38841 ;0.38656 ;0.38313 ;0.37942 ;0.37685 ;0.37083 ;0.3683 ;0.36546 ;0.36755 ;0.37564 ;0.38797 ;0.40859 ;0.44391 ;0.48668 ;0.52274 ;0.55501 ;0.5774 ;0.58788 ;0.58808 ;0.5811 ;0.5713 ;0.55996 ;0.54703 ;0.53132 ;0.51873 ;0.51539 ;0.51116 ;0.51186 ;0.51553 ;0.52437 ;0.53621 ;0.54818 ;0.56599 ;0.57979 ;0.5847 ;0.58955 ;0.58815 ;0.5812 ;0.56804 ;0.56163 ;0.54393 ;0.52174 ;0.49637 ;0.44205 ;0.42614 ;0.43502 ;0.3826
105   ;0.13093 ;0.13277 ;0.13866 ;0.1351 ;0.14188 ;0.14077 ;0.13616 ;0.13455 ;0.13657 ;0.13636 ;0.13042 ;0.13021 ;0.12741 ;0.12562 ;0.12444 ;0.12587 ;0.1247 ;0.11902 ;0.12163 ;0.12166 ;0.12186 ;0.12433 ;0.13009 ;0.12941 ;0.13893 ;0.142 ;0.14649 ;0.14987 ;0.15365 ;0.16429 ;0.17665 ;0.19462 ;0.20724 ;0.22206 ;0.23175 ;0.23934 ;0.24136 ;0.24455 ;0.24682 ;0.24678 ;0.24554 ;0.2428 ;0.24221 ;0.23685 ;0.23417 ;0.23349 ;0.23084 ;0.22808 ;0.22557 ;0.22453 ;0.22359 ;0.22339 ;0.22119 ;0.21891 ;0.21562 ;0.21323 ;0.20785 ;0.20524 ;0.20359 ;0.20093 ;0.20095 ;0.20119 ;0.20557 ;0.2073 ;0.21016 ;0.21276 ;0.21646 ;0.2166 ;0.22056 ;0.22347 ;0.22104 ;0.22435 ;0.22253 ;0.22334 ;0.2251 ;0.22413 ;0.22405 ;0.22383 ;0.22089 ;0.22195 ;0.22134 ;0.21929 ;0.21769 ;0.21482 ;0.21473 ;0.21312 ;0.21487 ;0.22119 ;0.23154 ;0.24711 ;0.27448 ;0.30413 ;0.33138 ;0.35157 ;0.36347 ;0.36658 ;0.36274 ;0.35539 ;0.34678 ;0.33773 ;0.32896 ;0.31776 ;0.30912 ;0.30361 ;0.29834 ;0.29498 ;0.29496 ;0.29757 ;0.3008 ;0.3057 ;0.31178 ;0.31844 ;0.32103 ;0.32346 ;0.32201 ;0.32147 ;0.31484 ;0.3101 ;0.30551 ;0.29345 ;0.28198 ;0.2577 ;0.24982 ;0.25425 ;0.22745
106   ;0.13893 ;0.14532 ;0.14839 ;0.1487 ;0.15732 ;0.15724 ;0.15338 ;0.15269 ;0.15209 ;0.15136 ;0.14666 ;0.14473 ;0.14074 ;0.14232 ;0.13758 ;0.13967 ;0.13804 ;0.13224 ;0.13333 ;0.1333 ;0.13565 ;0.1373 ;0.14795 ;0.15172 ;0.16125 ;0.16911 ;0.17351 ;0.18031 ;0.18413 ;0.1953 ;0.212 ;0.23615 ;0.2582 ;0.28514 ;0.31218 ;0.32007 ;0.32053 ;0.32433 ;0.32864 ;0.32977 ;0.32932 ;0.32611 ;0.32562 ;0.31942 ;0.31737 ;0.31432 ;0.3143 ;0.31136 ;0.30747 ;0.30722 ;0.3069 ;0.30662 ;0.30534 ;0.29971 ;0.29564 ;0.29007 ;0.28123 ;0.27578 ;0.27137 ;0.26719 ;0.26469 ;0.2624 ;0.26541 ;0.26625 ;0.26963 ;0.27257 ;0.27322 ;0.27305 ;0.27508 ;0.27926 ;0.27719 ;0.27954 ;0.27832 ;0.28041 ;0.28141 ;0.2807 ;0.27981 ;0.27898 ;0.27465 ;0.27475 ;0.27274 ;0.26962 ;0.26658 ;0.26353 ;0.26077 ;0.25816 ;0.26039 ;0.26625 ;0.2757 ;0.29212 ;0.31893 ;0.3512 ;0.38283 ;0.40723 ;0.42411 ;0.43 ;0.42976 ;0.42215 ;0.41258 ;0.40381 ;0.39314 ;0.38253 ;0.37347 ;0.36949 ;0.36749 ;0.36692 ;0.37161 ;0.37985 ;0.39058 ;0.40462 ;0.42108 ;0.4344 ;0.44336 ;0.44831 ;0.4448 ;0.44025 ;0.42849 ;0.41786 ;0.40676 ;0.38624 ;0.37414 ;0.33184 ;0.31686 ;0.32529 ;0.27542
107   ;0.12871 ;0.13488 ;0.13472 ;0.13474 ;0.14204 ;0.14139 ;0.13858 ;0.13882 ;0.13705 ;0.13612 ;0.13348 ;0.12989 ;0.12954 ;0.12719 ;0.12567 ;0.12374 ;0.12149 ;0.11963 ;0.12041 ;0.12018 ;0.1212 ;0.12525 ;0.13113 ;0.13904 ;0.14658 ;0.15469 ;0.16029 ;0.16407 ;0.17001 ;0.17964 ;0.1944 ;0.21412 ;0.23524 ;0.25657 ;0.27877 ;0.28534 ;0.28731 ;0.29055 ;0.29454 ;0.29675 ;0.29702 ;0.2945 ;0.29373 ;0.28787 ;0.28748 ;0.28362 ;0.28312 ;0.28073 ;0.27712 ;0.27841 ;0.27673 ;0.27743 ;0.27384 ;0.27143 ;0.26587 ;0.26126 ;0.2536 ;0.24927 ;0.24578 ;0.24224 ;0.24106 ;0.2416 ;0.24489 ;0.24564 ;0.24833 ;0.25066 ;0.25157 ;0.25238 ;0.25328 ;0.25664 ;0.25683 ;0.25676 ;0.25673 ;0.25865 ;0.2598 ;0.26 ;0.25993 ;0.25768 ;0.25745 ;0.25601 ;0.25434 ;0.2532 ;0.25049 ;0.24705 ;0.24561 ;0.24305 ;0.2444 ;0.25013 ;0.25876 ;0.2728 ;0.29847 ;0.32813 ;0.35362 ;0.37547 ;0.38816 ;0.39202 ;0.38983 ;0.38195 ;0.37391 ;0.36561 ;0.35588 ;0.34637 ;0.33651 ;0.33377 ;0.33253 ;0.33284 ;0.33612 ;0.34186 ;0.3525 ;0.3639 ;0.37791 ;0.38929 ;0.39767 ;0.40242 ;0.40145 ;0.39734 ;0.38949 ;0.38246 ;0.37233 ;0.35862 ;0.34303 ;0.31062 ;0.30071 ;0.30626 ;0.27287
108   ;0.17464 ;0.17834 ;0.17784 ;0.1782 ;0.18118 ;0.17939 ;0.17963 ;0.17567 ;0.17274 ;0.17221 ;0.16748 ;0.16456 ;0.16553 ;0.16362 ;0.16128 ;0.16122 ;0.15974 ;0.16165 ;0.16164 ;0.16488 ;0.1698 ;0.17519 ;0.18427 ;0.19369 ;0.19946 ;0.20878 ;0.21621 ;0.22826 ;0.2484 ;0.27616 ;0.31001 ;0.33823 ;0.36187 ;0.37549 ;0.39127 ;0.39586 ;0.39759 ;0.39906 ;0.39817 ;0.39346 ;0.38607 ;0.37766 ;0.36997 ;0.35898 ;0.35243 ;0.3434 ;0.34081 ;0.33197 ;0.32518 ;0.3208 ;0.31564 ;0.31229 ;0.30692 ;0.30209 ;0.29665 ;0.29311 ;0.28567 ;0.28325 ;0.27826 ;0.27589 ;0.27428 ;0.27434 ;0.27569 ;0.27796 ;0.27713 ;0.27937 ;0.2807 ;0.2833 ;0.28477 ;0.28802 ;0.28932 ;0.29055 ;0.29369 ;0.2986 ;0.30144 ;0.30514 ;0.30701 ;0.30585 ;0.30632 ;0.30617 ;0.3054 ;0.30399 ;0.30383 ;0.30308 ;0.30564 ;0.31146 ;0.32417 ;0.3488 ;0.38174 ;0.42334 ;0.47727 ;0.52816 ;0.56046 ;0.58582 ;0.60006 ;0.60328 ;0.60074 ;0.59365 ;0.58267 ;0.57112 ;0.55657 ;0.54163 ;0.52431 ;0.51483 ;0.50212 ;0.49041 ;0.48098 ;0.47209 ;0.46605 ;0.45929 ;0.45617 ;0.45348 ;0.44845 ;0.44581 ;0.43886 ;0.43049 ;0.42215 ;0.41677 ;0.40424 ;0.39132 ;0.37345 ;0.33999 ;0.33059 ;0.33584 ;0.30422
109   ;0.18895 ;0.19531 ;0.19737 ;0.19449 ;0.20047 ;0.1983 ;0.19485 ;0.19381 ;0.19199 ;0.19085 ;0.18773 ;0.1831 ;0.18428 ;0.18089 ;0.177 ;0.17924 ;0.17802 ;0.17816 ;0.18049 ;0.18371 ;0.18901 ;0.19487 ;0.20592 ;0.21479 ;0.22288 ;0.23216 ;0.23895 ;0.25427 ;0.27293 ;0.30276 ;0.33717 ;0.36807 ;0.39199 ;0.40581 ;0.42262 ;0.42757 ;0.42951 ;0.43017 ;0.43096 ;0.42531 ;0.42021 ;0.41045 ;0.40204 ;0.39051 ;0.38507 ;0.37594 ;0.37406 ;0.3662 ;0.35745 ;0.35576 ;0.34953 ;0.34575 ;0.34065 ;0.336 ;0.32922 ;0.32589 ;0.31833 ;0.31431 ;0.31137 ;0.30705 ;0.30697 ;0.30665 ;0.30983 ;0.31099 ;0.31182 ;0.31323 ;0.31512 ;0.31648 ;0.31986 ;0.32182 ;0.32416 ;0.32451 ;0.32799 ;0.33143 ;0.33567 ;0.33908 ;0.34057 ;0.33938 ;0.34034 ;0.34045 ;0.33863 ;0.33812 ;0.33647 ;0.33595 ;0.33867 ;0.34334 ;0.35629 ;0.38057 ;0.41312 ;0.45495 ;0.50875 ;0.56013 ;0.59238 ;0.61717 ;0.63093 ;0.63741 ;0.63384 ;0.62369 ;0.61494 ;0.60233 ;0.58864 ;0.57332 ;0.55506 ;0.54678 ;0.53368 ;0.52263 ;0.51457 ;0.50395 ;0.49906 ;0.4932 ;0.49083 ;0.48878 ;0.48464 ;0.48156 ;0.47623 ;0.46904 ;0.45655 ;0.45279 ;0.44283 ;0.42352 ;0.40962 ;0.36975 ;0.35638 ;0.36389 ;0.31923
110   ;0.12417 ;0.13451 ;0.14246 ;0.13957 ;0.14952 ;0.15349 ;0.15002 ;0.1429 ;0.14288 ;0.14868 ;0.13905 ;0.13596 ;0.13576 ;0.13589 ;0.12964 ;0.13198 ;0.13275 ;0.12407 ;0.12552 ;0.12784 ;0.12955 ;0.13187 ;0.14525 ;0.14988 ;0.16245 ;0.17202 ;0.17542 ;0.18583 ;0.18657 ;0.20594 ;0.22548 ;0.25221 ;0.27748 ;0.30764 ;0.33207 ;0.34263 ;0.34596 ;0.34776 ;0.35099 ;0.35412 ;0.35311 ;0.3477 ;0.34966 ;0.33918 ;0.33886 ;0.33561 ;0.33454 ;0.3316 ;0.3269 ;0.32685 ;0.32497 ;0.32673 ;0.32289 ;0.31976 ;0.31395 ;0.30786 ;0.29967 ;0.29263 ;0.28915 ;0.28358 ;0.28018 ;0.27755 ;0.28151 ;0.28144 ;0.28416 ;0.28772 ;0.29029 ;0.28946 ;0.2921 ;0.29539 ;0.29291 ;0.29979 ;0.29554 ;0.29831 ;0.30113 ;0.29945 ;0.29847 ;0.29805 ;0.29403 ;0.29351 ;0.29048 ;0.28839 ;0.28497 ;0.28028 ;0.27998 ;0.27703 ;0.27934 ;0.28808 ;0.30048 ;0.31882 ;0.35175 ;0.38833 ;0.42381 ;0.44928 ;0.46732 ;0.47597 ;0.47591 ;0.46908 ;0.45791 ;0.44866 ;0.43682 ;0.42353 ;0.41223 ;0.40734 ;0.40478 ;0.40173 ;0.40576 ;0.41074 ;0.42023 ;0.43258 ;0.44658 ;0.45696 ;0.46612 ;0.47071 ;0.46671 ;0.46217 ;0.44561 ;0.43611 ;0.43205 ;0.40434 ;0.38339 ;0.34351 ;0.32998 ;0.33758 ;0.2924
111   ;0.1072 ;0.11708 ;0.11935 ;0.11521 ;0.12544 ;0.12799 ;0.12106 ;0.11676 ;0.12059 ;0.1227 ;0.11337 ;0.114 ;0.11247 ;0.11216 ;0.11104 ;0.11146 ;0.11067 ;0.10568 ;0.10667 ;0.10892 ;0.10874 ;0.1108 ;0.1189 ;0.1237 ;0.13145 ;0.13539 ;0.13653 ;0.14514 ;0.14686 ;0.16118 ;0.17493 ;0.19315 ;0.20688 ;0.22192 ;0.23336 ;0.24071 ;0.24524 ;0.2467 ;0.24858 ;0.24915 ;0.24883 ;0.24434 ;0.24585 ;0.23733 ;0.23746 ;0.23469 ;0.23409 ;0.23021 ;0.22754 ;0.22839 ;0.22588 ;0.22669 ;0.2245 ;0.22128 ;0.2178 ;0.21574 ;0.21006 ;0.2063 ;0.20711 ;0.20215 ;0.20254 ;0.20252 ;0.20804 ;0.20966 ;0.21153 ;0.21371 ;0.21887 ;0.21872 ;0.22108 ;0.22517 ;0.22295 ;0.22683 ;0.22299 ;0.22558 ;0.22731 ;0.22617 ;0.22635 ;0.2261 ;0.22428 ;0.22427 ;0.22341 ;0.22239 ;0.21914 ;0.21773 ;0.21687 ;0.21477 ;0.21703 ;0.22412 ;0.23427 ;0.2514 ;0.27775 ;0.30836 ;0.33515 ;0.35483 ;0.36538 ;0.3689 ;0.3671 ;0.35884 ;0.34997 ;0.34222 ;0.33302 ;0.32211 ;0.31284 ;0.30726 ;0.30343 ;0.29901 ;0.29853 ;0.30157 ;0.30436 ;0.30865 ;0.31697 ;0.32103 ;0.32505 ;0.32764 ;0.3273 ;0.32432 ;0.31542 ;0.31442 ;0.31008 ;0.29237 ;0.28528 ;0.25296 ;0.24058 ;0.24757 ;0.2059
112   ;0.24204 ;0.24577 ;0.24785 ;0.24909 ;0.25242 ;0.25129 ;0.2487 ;0.24654 ;0.2448 ;0.2431 ;0.23672 ;0.23077 ;0.23171 ;0.22885 ;0.22415 ;0.22356 ;0.22062 ;0.21599 ;0.21526 ;0.21437 ;0.21625 ;0.2182 ;0.22717 ;0.23432 ;0.243 ;0.25257 ;0.25904 ;0.26548 ;0.27271 ;0.29092 ;0.3143 ;0.34673 ;0.38182 ;0.4126 ;0.44262 ;0.45598 ;0.4651 ;0.47162 ;0.47386 ;0.47253 ;0.47084 ;0.46378 ;0.45881 ;0.45088 ;0.44821 ;0.43957 ;0.43955 ;0.43709 ;0.43391 ;0.43315 ;0.43026 ;0.43041 ;0.42539 ;0.42102 ;0.41371 ;0.40774 ;0.39843 ;0.39287 ;0.38628 ;0.38024 ;0.37699 ;0.374 ;0.37515 ;0.37649 ;0.37773 ;0.38262 ;0.3847 ;0.386 ;0.38924 ;0.39197 ;0.39261 ;0.39381 ;0.39477 ;0.39661 ;0.39773 ;0.39797 ;0.39699 ;0.39364 ;0.39158 ;0.3894 ;0.38622 ;0.38238 ;0.37885 ;0.37476 ;0.37155 ;0.36979 ;0.37206 ;0.38068 ;0.39504 ;0.41878 ;0.45904 ;0.50541 ;0.54657 ;0.581 ;0.60336 ;0.61179 ;0.6127 ;0.60638 ;0.59441 ;0.58055 ;0.56647 ;0.55219 ;0.53663 ;0.52963 ;0.52476 ;0.5222 ;0.52625 ;0.533 ;0.54455 ;0.55661 ;0.56722 ;0.58048 ;0.58623 ;0.58906 ;0.5867 ;0.57943 ;0.56929 ;0.55909 ;0.5421 ;0.52299 ;0.49818 ;0.45494 ;0.44283 ;0.44958 ;0.40923
113   ;0.17337 ;0.17839 ;0.18362 ;0.18531 ;0.19035 ;0.19157 ;0.18969 ;0.19003 ;0.18592 ;0.18392 ;0.178 ;0.17396 ;0.17316 ;0.17136 ;0.16835 ;0.16766 ;0.16294 ;0.16207 ;0.16167 ;0.16108 ;0.16471 ;0.1691 ;0.17811 ;0.18797 ;0.19864 ;0.20883 ;0.21745 ;0.22361 ;0.23364 ;0.24759 ;0.27169 ;0.30312 ;0.3371 ;0.36744 ;0.40096 ;0.41001 ;0.41399 ;0.42013 ;0.42328 ;0.42423 ;0.42211 ;0.42128 ;0.41284 ;0.40951 ;0.40569 ;0.39923 ;0.39916 ;0.39716 ;0.39396 ;0.39268 ;0.39271 ;0.39032 ;0.38861 ;0.38381 ;0.37689 ;0.37002 ;0.36091 ;0.35652 ;0.34825 ;0.34366 ;0.34114 ;0.33774 ;0.33766 ;0.33968 ;0.34368 ;0.34805 ;0.3471 ;0.34963 ;0.35268 ;0.35541 ;0.35749 ;0.35575 ;0.35908 ;0.3595 ;0.36045 ;0.36233 ;0.35932 ;0.35661 ;0.35469 ;0.35228 ;0.34954 ;0.34624 ;0.34405 ;0.33941 ;0.33661 ;0.33459 ;0.33693 ;0.3442 ;0.35789 ;0.3802 ;0.41525 ;0.45761 ;0.49746 ;0.52859 ;0.54707 ;0.55341 ;0.55438 ;0.54992 ;0.53755 ;0.52539 ;0.51279 ;0.50115 ;0.48848 ;0.48225 ;0.47737 ;0.47794 ;0.48234 ;0.48807 ;0.50107 ;0.51597 ;0.52788 ;0.54335 ;0.54991 ;0.55316 ;0.55076 ;0.54162 ;0.53582 ;0.51848 ;0.50024 ;0.4894 ;0.45995 ;0.42439 ;0.41663 ;0.42091 ;0.39498
114   ;0.16135 ;0.16936 ;0.17513 ;0.16989 ;0.18004 ;0.18551 ;0.17491 ;0.16846 ;0.17274 ;0.17499 ;0.16437 ;0.16335 ;0.16235 ;0.16332 ;0.15857 ;0.15961 ;0.16015 ;0.15136 ;0.15197 ;0.15437 ;0.1539 ;0.15616 ;0.16708 ;0.16792 ;0.18017 ;0.18621 ;0.1878 ;0.19646 ;0.19752 ;0.2159 ;0.23069 ;0.25869 ;0.27414 ;0.30105 ;0.3145 ;0.32936 ;0.33907 ;0.33861 ;0.33633 ;0.34548 ;0.33898 ;0.33335 ;0.33804 ;0.32492 ;0.32367 ;0.32642 ;0.32205 ;0.31826 ;0.31396 ;0.3154 ;0.31115 ;0.31621 ;0.31176 ;0.30731 ;0.30257 ;0.30016 ;0.29256 ;0.284 ;0.28596 ;0.2784 ;0.2761 ;0.27251 ;0.28106 ;0.2784 ;0.27876 ;0.28213 ;0.28974 ;0.28626 ;0.2885 ;0.29332 ;0.28668 ;0.30062 ;0.28922 ;0.29468 ;0.29916 ;0.29419 ;0.29668 ;0.29653 ;0.28976 ;0.29324 ;0.29165 ;0.28801 ;0.28278 ;0.28133 ;0.28176 ;0.27689 ;0.27977 ;0.28839 ;0.2996 ;0.31782 ;0.34666 ;0.37999 ;0.4145 ;0.43333 ;0.4523 ;0.46552 ;0.46432 ;0.45051 ;0.44347 ;0.43612 ;0.42452 ;0.40855 ;0.39838 ;0.3929 ;0.39286 ;0.38629 ;0.38934 ;0.39561 ;0.39614 ;0.40179 ;0.41742 ;0.421 ;0.4289 ;0.42966 ;0.43136 ;0.42928 ;0.40464 ;0.41018 ;0.41265 ;0.3739 ;0.37066 ;0.31808 ;0.29558 ;0.30827 ;0.23491
115   ;0.13887 ;0.13871 ;0.14098 ;0.14118 ;0.14481 ;0.14694 ;0.14348 ;0.14129 ;0.13926 ;0.13815 ;0.13187 ;0.13116 ;0.13095 ;0.12803 ;0.12671 ;0.12688 ;0.12214 ;0.12136 ;0.12159 ;0.12053 ;0.12331 ;0.12537 ;0.13111 ;0.13768 ;0.14584 ;0.15132 ;0.1569 ;0.1613 ;0.1677 ;0.17733 ;0.19399 ;0.21406 ;0.23657 ;0.25919 ;0.28314 ;0.28837 ;0.28953 ;0.29355 ;0.29681 ;0.29898 ;0.29828 ;0.2952 ;0.29438 ;0.28918 ;0.28749 ;0.28335 ;0.28499 ;0.27964 ;0.2785 ;0.27817 ;0.27765 ;0.2774 ;0.27594 ;0.27212 ;0.26725 ;0.26227 ;0.25593 ;0.25121 ;0.24623 ;0.24366 ;0.23981 ;0.2396 ;0.24045 ;0.2421 ;0.24488 ;0.24893 ;0.24923 ;0.25006 ;0.25229 ;0.25588 ;0.25662 ;0.25747 ;0.25646 ;0.25913 ;0.25893 ;0.25895 ;0.25768 ;0.25632 ;0.25411 ;0.25348 ;0.25103 ;0.24933 ;0.24703 ;0.24326 ;0.24199 ;0.23977 ;0.24151 ;0.24842 ;0.25744 ;0.27307 ;0.30031 ;0.33199 ;0.36039 ;0.3838 ;0.39776 ;0.40563 ;0.40493 ;0.39812 ;0.38959 ;0.38062 ;0.37102 ;0.36008 ;0.35164 ;0.348 ;0.34393 ;0.34383 ;0.34681 ;0.35132 ;0.36192 ;0.37239 ;0.38589 ;0.39801 ;0.4053 ;0.41005 ;0.4074 ;0.40315 ;0.39476 ;0.38514 ;0.37328 ;0.36055 ;0.34366 ;0.3109 ;0.30132 ;0.30668 ;0.27445
116   ;0.15119 ;0.1508 ;0.15292 ;0.15278 ;0.15378 ;0.15154 ;0.1513 ;0.15117 ;0.14765 ;0.14651 ;0.14341 ;0.14071 ;0.14045 ;0.13803 ;0.13527 ;0.13405 ;0.13218 ;0.12965 ;0.1289 ;0.12955 ;0.12837 ;0.13162 ;0.13555 ;0.13829 ;0.14445 ;0.15126 ;0.15327 ;0.15712 ;0.16051 ;0.16958 ;0.18163 ;0.19935 ;0.22044 ;0.23912 ;0.25919 ;0.2668 ;0.26559 ;0.26827 ;0.27185 ;0.27228 ;0.27399 ;0.27185 ;0.26819 ;0.26689 ;0.26198 ;0.25968 ;0.25938 ;0.25657 ;0.25401 ;0.25415 ;0.25429 ;0.25175 ;0.25197 ;0.24803 ;0.24355 ;0.23795 ;0.23195 ;0.22826 ;0.22347 ;0.22041 ;0.21808 ;0.2186 ;0.21849 ;0.22088 ;0.22344 ;0.22588 ;0.22602 ;0.22732 ;0.22929 ;0.23115 ;0.23213 ;0.23112 ;0.23203 ;0.23336 ;0.23381 ;0.23304 ;0.23238 ;0.23031 ;0.22985 ;0.22775 ;0.22552 ;0.22476 ;0.22219 ;0.21985 ;0.21691 ;0.21501 ;0.21642 ;0.22128 ;0.22935 ;0.24307 ;0.26632 ;0.29473 ;0.32115 ;0.34254 ;0.35426 ;0.35797 ;0.35723 ;0.35205 ;0.34317 ;0.33343 ;0.3252 ;0.31716 ;0.30886 ;0.30486 ;0.30263 ;0.30276 ;0.30547 ;0.3112 ;0.32288 ;0.33395 ;0.3448 ;0.35812 ;0.36628 ;0.36924 ;0.36794 ;0.36112 ;0.35718 ;0.34552 ;0.33735 ;0.32439 ;0.30957 ;0.28432 ;0.27631 ;0.28081 ;0.25362
117   ;0.18474 ;0.1853 ;0.1877 ;0.1842 ;0.18666 ;0.18534 ;0.18057 ;0.18007 ;0.17891 ;0.17793 ;0.1736 ;0.16972 ;0.16874 ;0.16662 ;0.16325 ;0.16407 ;0.1635 ;0.16135 ;0.16239 ;0.16275 ;0.16728 ;0.1709 ;0.17817 ;0.18054 ;0.18889 ;0.1949 ;0.20251 ;0.21125 ;0.229 ;0.25141 ;0.28179 ;0.30779 ;0.32923 ;0.34021 ;0.3555 ;0.35854 ;0.35931 ;0.36239 ;0.36145 ;0.35611 ;0.35056 ;0.34519 ;0.33458 ;0.32763 ;0.31993 ;0.3128 ;0.3089 ;0.30209 ;0.29604 ;0.29148 ;0.28807 ;0.2828 ;0.27911 ;0.27584 ;0.27015 ;0.26602 ;0.26002 ;0.25709 ;0.25275 ;0.25004 ;0.24875 ;0.24862 ;0.24921 ;0.25062 ;0.25085 ;0.25103 ;0.25263 ;0.25382 ;0.25571 ;0.25767 ;0.25964 ;0.26122 ;0.26612 ;0.26805 ;0.27133 ;0.27525 ;0.27633 ;0.27708 ;0.27658 ;0.27658 ;0.27665 ;0.27488 ;0.27588 ;0.27367 ;0.27721 ;0.28166 ;0.29323 ;0.31413 ;0.344 ;0.3829 ;0.43405 ;0.48192 ;0.51442 ;0.53939 ;0.55197 ;0.55261 ;0.54966 ;0.54529 ;0.53363 ;0.52049 ;0.50798 ;0.49405 ;0.47963 ;0.46938 ;0.45494 ;0.44512 ;0.43588 ;0.42904 ;0.42331 ;0.41854 ;0.41307 ;0.41404 ;0.40994 ;0.40605 ;0.39917 ;0.39402 ;0.38638 ;0.37769 ;0.36791 ;0.35946 ;0.34078 ;0.31474 ;0.30852 ;0.31197 ;0.29098
118   ;0.14689 ;0.14738 ;0.14917 ;0.1514 ;0.15304 ;0.15272 ;0.15226 ;0.15096 ;0.14859 ;0.14583 ;0.14359 ;0.13944 ;0.13893 ;0.13709 ;0.13443 ;0.13133 ;0.13018 ;0.1287 ;0.12861 ;0.12842 ;0.12981 ;0.13336 ;0.13921 ;0.14525 ;0.15333 ;0.16195 ;0.16589 ;0.17022 ;0.17847 ;0.18876 ;0.20625 ;0.22879 ;0.25388 ;0.27392 ;0.29867 ;0.30579 ;0.30903 ;0.3142 ;0.31713 ;0.31693 ;0.31749 ;0.31454 ;0.31073 ;0.30646 ;0.30294 ;0.2997 ;0.29949 ;0.29605 ;0.29322 ;0.29265 ;0.29219 ;0.29145 ;0.28979 ;0.28519 ;0.28051 ;0.27641 ;0.26912 ;0.26489 ;0.25962 ;0.25695 ;0.25385 ;0.254 ;0.25537 ;0.25756 ;0.26039 ;0.26288 ;0.26475 ;0.26604 ;0.26925 ;0.27186 ;0.27249 ;0.27321 ;0.27368 ;0.27441 ;0.27602 ;0.27552 ;0.27526 ;0.27237 ;0.27156 ;0.27009 ;0.26781 ;0.26613 ;0.26381 ;0.26002 ;0.25806 ;0.25644 ;0.25804 ;0.26488 ;0.27452 ;0.2924 ;0.32146 ;0.35641 ;0.38696 ;0.4127 ;0.429 ;0.43392 ;0.43246 ;0.42596 ;0.41647 ;0.40622 ;0.39494 ;0.38436 ;0.37358 ;0.36847 ;0.36441 ;0.36372 ;0.36597 ;0.37049 ;0.38073 ;0.39025 ;0.40061 ;0.4121 ;0.41821 ;0.42244 ;0.42098 ;0.41577 ;0.40852 ;0.40285 ;0.39074 ;0.37788 ;0.35946 ;0.32537 ;0.3158 ;0.32114 ;0.28897
119   ;0.14035 ;0.13996 ;0.14058 ;0.14158 ;0.14229 ;0.14002 ;0.14098 ;0.1402 ;0.13777 ;0.13623 ;0.13349 ;0.12937 ;0.13055 ;0.12682 ;0.12411 ;0.12341 ;0.11953 ;0.12082 ;0.11901 ;0.11806 ;0.12005 ;0.1211 ;0.12472 ;0.13294 ;0.13522 ;0.1423 ;0.1466 ;0.15123 ;0.15574 ;0.16356 ;0.17792 ;0.19321 ;0.21433 ;0.23123 ;0.24966 ;0.2538 ;0.25511 ;0.25866 ;0.26379 ;0.26141 ;0.26273 ;0.26173 ;0.25759 ;0.2556 ;0.25261 ;0.24738 ;0.24813 ;0.24621 ;0.24408 ;0.24261 ;0.24317 ;0.24066 ;0.23908 ;0.23735 ;0.23128 ;0.22711 ;0.22178 ;0.21788 ;0.21304 ;0.21105 ;0.21042 ;0.21135 ;0.21202 ;0.21461 ;0.21652 ;0.21938 ;0.21859 ;0.22133 ;0.22288 ;0.22409 ;0.22639 ;0.22252 ;0.226 ;0.22641 ;0.22684 ;0.22888 ;0.22761 ;0.22568 ;0.22615 ;0.2241 ;0.22247 ;0.221 ;0.22004 ;0.21698 ;0.21428 ;0.21426 ;0.21482 ;0.21909 ;0.22875 ;0.2427 ;0.26687 ;0.29726 ;0.32241 ;0.34422 ;0.35478 ;0.35514 ;0.35295 ;0.34768 ;0.33768 ;0.32826 ;0.31909 ;0.31152 ;0.30236 ;0.29857 ;0.29493 ;0.29485 ;0.29792 ;0.30262 ;0.31318 ;0.32487 ;0.33332 ;0.34554 ;0.35169 ;0.35702 ;0.35456 ;0.35112 ;0.34928 ;0.33812 ;0.32655 ;0.32287 ;0.30283 ;0.28383 ;0.28106 ;0.28254 ;0.27342
120   ;0.15113 ;0.15474 ;0.15554 ;0.15741 ;0.16445 ;0.16324 ;0.16217 ;0.15881 ;0.15922 ;0.1576 ;0.15255 ;0.15034 ;0.14887 ;0.14703 ;0.14351 ;0.14217 ;0.1398 ;0.13801 ;0.13709 ;0.13845 ;0.13913 ;0.14337 ;0.15135 ;0.15948 ;0.16901 ;0.17957 ;0.18463 ;0.18937 ;0.19642 ;0.20914 ;0.22831 ;0.25116 ;0.27914 ;0.29999 ;0.32037 ;0.33124 ;0.33729 ;0.34108 ;0.34394 ;0.34543 ;0.34344 ;0.34046 ;0.33737 ;0.33051 ;0.32895 ;0.32444 ;0.32277 ;0.32188 ;0.31766 ;0.31825 ;0.31574 ;0.31622 ;0.31243 ;0.30935 ;0.30257 ;0.30059 ;0.29191 ;0.28819 ;0.28486 ;0.28114 ;0.27967 ;0.28141 ;0.28532 ;0.28726 ;0.28852 ;0.29181 ;0.29419 ;0.29537 ;0.29775 ;0.30032 ;0.29949 ;0.30109 ;0.30027 ;0.30153 ;0.30342 ;0.30365 ;0.30337 ;0.30148 ;0.29985 ;0.30098 ;0.29722 ;0.29607 ;0.29366 ;0.29009 ;0.28803 ;0.28643 ;0.28779 ;0.2951 ;0.30529 ;0.32203 ;0.35304 ;0.38797 ;0.41854 ;0.44256 ;0.45871 ;0.46397 ;0.46021 ;0.45311 ;0.4432 ;0.43314 ;0.42164 ;0.41028 ;0.39982 ;0.39464 ;0.39028 ;0.38959 ;0.39349 ;0.39892 ;0.40741 ;0.41657 ;0.42712 ;0.43686 ;0.44215 ;0.44657 ;0.44759 ;0.44293 ;0.43604 ;0.43378 ;0.4218 ;0.40649 ;0.38787 ;0.34935 ;0.33803 ;0.34436 ;0.30647
121   ;0.14466 ;0.14822 ;0.15153 ;0.1492 ;0.15284 ;0.15235 ;0.1518 ;0.15014 ;0.14849 ;0.1471 ;0.14466 ;0.14071 ;0.13924 ;0.13803 ;0.1341 ;0.13447 ;0.13209 ;0.12984 ;0.12843 ;0.12909 ;0.13127 ;0.13304 ;0.14055 ;0.14476 ;0.15227 ;0.15925 ;0.16482 ;0.1684 ;0.17433 ;0.1848 ;0.20267 ;0.22225 ;0.24425 ;0.26239 ;0.28019 ;0.2881 ;0.29195 ;0.29725 ;0.30001 ;0.29865 ;0.29791 ;0.29572 ;0.29121 ;0.28765 ;0.28415 ;0.27866 ;0.28048 ;0.27667 ;0.27404 ;0.27372 ;0.2719 ;0.27059 ;0.26868 ;0.26511 ;0.26103 ;0.25648 ;0.25014 ;0.24737 ;0.24314 ;0.24092 ;0.24083 ;0.24078 ;0.24369 ;0.24672 ;0.24893 ;0.25166 ;0.25265 ;0.25483 ;0.25702 ;0.25928 ;0.25996 ;0.25828 ;0.26058 ;0.26062 ;0.26222 ;0.26292 ;0.26241 ;0.26127 ;0.26001 ;0.25959 ;0.25796 ;0.25518 ;0.25388 ;0.25113 ;0.24909 ;0.24799 ;0.2495 ;0.25521 ;0.2661 ;0.28283 ;0.31021 ;0.34496 ;0.37502 ;0.39867 ;0.4112 ;0.41358 ;0.41071 ;0.4043 ;0.39417 ;0.38366 ;0.37333 ;0.36344 ;0.35393 ;0.34753 ;0.34202 ;0.34098 ;0.34266 ;0.34688 ;0.35536 ;0.36398 ;0.37178 ;0.38168 ;0.38534 ;0.39019 ;0.38826 ;0.38596 ;0.38251 ;0.37467 ;0.36307 ;0.3555 ;0.34258 ;0.31136 ;0.30219 ;0.30732 ;0.27639
122   ;0.14929 ;0.1585 ;0.1655 ;0.16185 ;0.17291 ;0.17808 ;0.16835 ;0.16387 ;0.16725 ;0.16648 ;0.15897 ;0.15663 ;0.15244 ;0.15455 ;0.14997 ;0.14891 ;0.14993 ;0.14131 ;0.14187 ;0.144 ;0.14375 ;0.14853 ;0.16117 ;0.16476 ;0.17933 ;0.18849 ;0.19221 ;0.20149 ;0.20426 ;0.22243 ;0.24226 ;0.27254 ;0.29562 ;0.32646 ;0.34723 ;0.36212 ;0.36996 ;0.37262 ;0.37473 ;0.3786 ;0.3728 ;0.37023 ;0.36836 ;0.35816 ;0.35566 ;0.35571 ;0.35242 ;0.34983 ;0.34584 ;0.34606 ;0.344 ;0.34488 ;0.34164 ;0.33653 ;0.33258 ;0.32664 ;0.3189 ;0.31339 ;0.31106 ;0.30634 ;0.30357 ;0.30232 ;0.30888 ;0.30897 ;0.31023 ;0.31378 ;0.31774 ;0.31742 ;0.31976 ;0.32342 ;0.32022 ;0.32697 ;0.32227 ;0.32428 ;0.32781 ;0.32587 ;0.32588 ;0.32586 ;0.32047 ;0.32146 ;0.32083 ;0.31673 ;0.31277 ;0.30965 ;0.3088 ;0.30427 ;0.30724 ;0.3148 ;0.3259 ;0.34437 ;0.37594 ;0.41412 ;0.45099 ;0.47616 ;0.49371 ;0.5009 ;0.50045 ;0.4912 ;0.48019 ;0.4704 ;0.45791 ;0.44433 ;0.43304 ;0.42701 ;0.42483 ;0.42258 ;0.42789 ;0.43611 ;0.44279 ;0.45235 ;0.46534 ;0.47591 ;0.48347 ;0.48607 ;0.48611 ;0.4797 ;0.46603 ;0.46268 ;0.45403 ;0.43012 ;0.41317 ;0.36672 ;0.35101 ;0.35983 ;0.30777
123   ;0.15181 ;0.15704 ;0.16189 ;0.16448 ;0.17021 ;0.17191 ;0.16919 ;0.16845 ;0.16622 ;0.16459 ;0.16027 ;0.15561 ;0.15448 ;0.15282 ;0.14903 ;0.14939 ;0.1471 ;0.14357 ;0.14319 ;0.14408 ;0.14762 ;0.14985 ;0.16204 ;0.16959 ;0.18092 ;0.19079 ;0.1983 ;0.20494 ;0.21253 ;0.22615 ;0.24761 ;0.27581 ;0.30496 ;0.32924 ;0.35876 ;0.3678 ;0.36996 ;0.37536 ;0.38046 ;0.37989 ;0.37972 ;0.37704 ;0.37188 ;0.36794 ;0.36393 ;0.35931 ;0.35949 ;0.35792 ;0.35326 ;0.35248 ;0.35378 ;0.35126 ;0.34914 ;0.34491 ;0.34009 ;0.33421 ;0.32541 ;0.32108 ;0.31483 ;0.31142 ;0.30847 ;0.30678 ;0.30819 ;0.31143 ;0.31399 ;0.31839 ;0.319 ;0.32147 ;0.32323 ;0.3281 ;0.32792 ;0.32878 ;0.3301 ;0.33117 ;0.33258 ;0.33274 ;0.33153 ;0.32974 ;0.32716 ;0.32634 ;0.32437 ;0.3202 ;0.31761 ;0.31551 ;0.31197 ;0.31059 ;0.31286 ;0.32045 ;0.33293 ;0.35252 ;0.38527 ;0.42346 ;0.45753 ;0.48605 ;0.50258 ;0.50867 ;0.50757 ;0.50239 ;0.49149 ;0.48061 ;0.47023 ;0.45786 ;0.44668 ;0.44173 ;0.43684 ;0.43488 ;0.43753 ;0.44386 ;0.45365 ;0.46535 ;0.47673 ;0.48938 ;0.49569 ;0.5003 ;0.49451 ;0.4921 ;0.48345 ;0.47128 ;0.45773 ;0.44337 ;0.42355 ;0.38192 ;0.36973 ;0.37654 ;0.33584
124   ;0.11954 ;0.12621 ;0.12792 ;0.12721 ;0.13269 ;0.13611 ;0.13128 ;0.12849 ;0.13146 ;0.13166 ;0.12552 ;0.12458 ;0.12204 ;0.12111 ;0.12018 ;0.11826 ;0.11768 ;0.11353 ;0.11481 ;0.11553 ;0.11764 ;0.11881 ;0.1282 ;0.13474 ;0.14388 ;0.15036 ;0.15325 ;0.16017 ;0.16535 ;0.17853 ;0.19312 ;0.21298 ;0.23206 ;0.24732 ;0.26402 ;0.27167 ;0.27693 ;0.27994 ;0.28337 ;0.28368 ;0.28416 ;0.28159 ;0.27907 ;0.27501 ;0.27084 ;0.26764 ;0.26771 ;0.26457 ;0.26104 ;0.26086 ;0.25914 ;0.25877 ;0.25694 ;0.25369 ;0.25004 ;0.24593 ;0.24042 ;0.23602 ;0.23448 ;0.23052 ;0.22958 ;0.23124 ;0.23542 ;0.23672 ;0.23801 ;0.23993 ;0.24235 ;0.24378 ;0.24515 ;0.24815 ;0.24762 ;0.24968 ;0.24909 ;0.25084 ;0.25357 ;0.25297 ;0.25373 ;0.25318 ;0.2522 ;0.25176 ;0.251 ;0.249 ;0.24674 ;0.24502 ;0.24376 ;0.24138 ;0.24419 ;0.25074 ;0.26057 ;0.27807 ;0.30529 ;0.33844 ;0.36561 ;0.38758 ;0.40068 ;0.40412 ;0.4015 ;0.39527 ;0.38606 ;0.37693 ;0.36756 ;0.35686 ;0.34615 ;0.34057 ;0.3349 ;0.33036 ;0.3307 ;0.33313 ;0.33709 ;0.34131 ;0.34965 ;0.35661 ;0.36054 ;0.36496 ;0.36346 ;0.36079 ;0.35597 ;0.35197 ;0.34267 ;0.3325 ;0.31976 ;0.28833 ;0.2787 ;0.2841 ;0.2516
125   ;0.15672 ;0.16186 ;0.16605 ;0.1686 ;0.17416 ;0.17321 ;0.17422 ;0.17165 ;0.16928 ;0.16809 ;0.16336 ;0.16013 ;0.16046 ;0.15749 ;0.15435 ;0.15427 ;0.14997 ;0.14927 ;0.1485 ;0.15047 ;0.15243 ;0.1576 ;0.16587 ;0.17623 ;0.18576 ;0.19685 ;0.20311 ;0.20924 ;0.21844 ;0.23284 ;0.2575 ;0.2845 ;0.3145 ;0.34155 ;0.36546 ;0.37876 ;0.38371 ;0.39029 ;0.39352 ;0.39304 ;0.3923 ;0.3878 ;0.3844 ;0.37646 ;0.37431 ;0.36891 ;0.37034 ;0.36637 ;0.36317 ;0.36264 ;0.3618 ;0.36095 ;0.35735 ;0.35348 ;0.34631 ;0.34352 ;0.3349 ;0.33056 ;0.32491 ;0.32135 ;0.31635 ;0.31578 ;0.3185 ;0.31886 ;0.32108 ;0.32517 ;0.32663 ;0.3311 ;0.33125 ;0.33478 ;0.33549 ;0.3367 ;0.33712 ;0.34001 ;0.34085 ;0.34163 ;0.34028 ;0.33777 ;0.33698 ;0.33573 ;0.33282 ;0.33055 ;0.32796 ;0.32313 ;0.32128 ;0.32007 ;0.32233 ;0.3309 ;0.34327 ;0.36401 ;0.3988 ;0.4392 ;0.47313 ;0.50272 ;0.52236 ;0.52997 ;0.52946 ;0.52323 ;0.51356 ;0.50199 ;0.48951 ;0.47693 ;0.46323 ;0.45674 ;0.45161 ;0.44913 ;0.45136 ;0.45588 ;0.46338 ;0.47196 ;0.48237 ;0.49243 ;0.4976 ;0.50175 ;0.50045 ;0.49573 ;0.48779 ;0.48232 ;0.47046 ;0.45305 ;0.42899 ;0.38765 ;0.37608 ;0.38253 ;0.34391
126   ;0.10837 ;0.11185 ;0.11324 ;0.1151 ;0.1174 ;0.11587 ;0.11525 ;0.11458 ;0.11314 ;0.11196 ;0.11032 ;0.10672 ;0.10797 ;0.10453 ;0.1027 ;0.10284 ;0.10011 ;0.09864 ;0.09997 ;0.09903 ;0.10154 ;0.10355 ;0.10972 ;0.11733 ;0.1227 ;0.13034 ;0.13485 ;0.13909 ;0.14514 ;0.15527 ;0.17103 ;0.18807 ;0.20737 ;0.22134 ;0.2349 ;0.2415 ;0.24493 ;0.24773 ;0.25088 ;0.25071 ;0.25025 ;0.24673 ;0.24469 ;0.24043 ;0.23729 ;0.23399 ;0.23267 ;0.23119 ;0.22703 ;0.22723 ;0.2252 ;0.22456 ;0.22306 ;0.22022 ;0.2148 ;0.21196 ;0.20583 ;0.20373 ;0.19995 ;0.19873 ;0.19874 ;0.19961 ;0.20382 ;0.20655 ;0.20705 ;0.20803 ;0.20886 ;0.21145 ;0.21173 ;0.21396 ;0.21349 ;0.21363 ;0.21365 ;0.21568 ;0.21659 ;0.21819 ;0.21853 ;0.21796 ;0.21736 ;0.21644 ;0.2156 ;0.21435 ;0.21272 ;0.20974 ;0.20859 ;0.20727 ;0.2093 ;0.21542 ;0.22546 ;0.24248 ;0.26933 ;0.30109 ;0.32751 ;0.34803 ;0.35993 ;0.36186 ;0.35905 ;0.35176 ;0.3426 ;0.33394 ;0.32383 ;0.31441 ;0.30375 ;0.2984 ;0.29273 ;0.28899 ;0.28966 ;0.29137 ;0.29559 ;0.30071 ;0.30678 ;0.31399 ;0.31781 ;0.32193 ;0.32161 ;0.31879 ;0.31572 ;0.31169 ;0.30556 ;0.29631 ;0.28181 ;0.25777 ;0.25101 ;0.25479 ;0.23184
127   ;0.15748 ;0.16768 ;0.17424 ;0.17329 ;0.18258 ;0.18558 ;0.17871 ;0.17534 ;0.17567 ;0.17821 ;0.16735 ;0.16625 ;0.16269 ;0.16426 ;0.15942 ;0.15921 ;0.16043 ;0.15116 ;0.15364 ;0.15525 ;0.15656 ;0.1604 ;0.17175 ;0.17718 ;0.19142 ;0.20087 ;0.20508 ;0.21442 ;0.21667 ;0.23623 ;0.25638 ;0.28823 ;0.31137 ;0.34152 ;0.36703 ;0.38081 ;0.38596 ;0.38975 ;0.39111 ;0.39549 ;0.39215 ;0.3888 ;0.3871 ;0.37902 ;0.37635 ;0.37285 ;0.37312 ;0.3697 ;0.36475 ;0.36599 ;0.36373 ;0.36516 ;0.3617 ;0.35655 ;0.35108 ;0.34654 ;0.33831 ;0.33145 ;0.32834 ;0.32268 ;0.32046 ;0.31678 ;0.32257 ;0.3221 ;0.32455 ;0.32738 ;0.332 ;0.33247 ;0.33361 ;0.33895 ;0.33548 ;0.34172 ;0.33844 ;0.3393 ;0.34299 ;0.34102 ;0.34092 ;0.34031 ;0.33588 ;0.33595 ;0.3339 ;0.33069 ;0.32724 ;0.32263 ;0.32131 ;0.31846 ;0.32072 ;0.32916 ;0.34072 ;0.36105 ;0.3926 ;0.43113 ;0.4685 ;0.49516 ;0.51226 ;0.5221 ;0.52051 ;0.51177 ;0.50272 ;0.49321 ;0.4816 ;0.46714 ;0.45576 ;0.45094 ;0.44772 ;0.44447 ;0.44768 ;0.45596 ;0.46392 ;0.47226 ;0.4869 ;0.49616 ;0.50347 ;0.50858 ;0.50338 ;0.4996 ;0.48624 ;0.47846 ;0.46999 ;0.44568 ;0.43032 ;0.3807 ;0.36342 ;0.37312 ;0.31612
128   ;0.12887 ;0.13473 ;0.13858 ;0.13971 ;0.14457 ;0.14761 ;0.14503 ;0.14284 ;0.14091 ;0.1409 ;0.13607 ;0.13321 ;0.13127 ;0.12945 ;0.12704 ;0.12633 ;0.12591 ;0.12123 ;0.12207 ;0.12271 ;0.12402 ;0.12802 ;0.13671 ;0.14381 ;0.15396 ;0.16229 ;0.16838 ;0.17444 ;0.17958 ;0.19464 ;0.21182 ;0.23786 ;0.25932 ;0.28691 ;0.30844 ;0.31796 ;0.32197 ;0.32459 ;0.32595 ;0.33107 ;0.32945 ;0.32469 ;0.32582 ;0.31851 ;0.31459 ;0.31431 ;0.31309 ;0.30886 ;0.30507 ;0.30633 ;0.30473 ;0.30495 ;0.3033 ;0.29876 ;0.29374 ;0.28728 ;0.28161 ;0.27364 ;0.27232 ;0.26564 ;0.26356 ;0.26166 ;0.26574 ;0.26638 ;0.2681 ;0.27261 ;0.27567 ;0.27514 ;0.27812 ;0.28139 ;0.27955 ;0.28541 ;0.28163 ;0.28404 ;0.2871 ;0.2852 ;0.28552 ;0.28468 ;0.2807 ;0.28149 ;0.27934 ;0.2771 ;0.27304 ;0.2702 ;0.26962 ;0.26625 ;0.26838 ;0.27598 ;0.28719 ;0.30565 ;0.33423 ;0.36884 ;0.40305 ;0.42593 ;0.44118 ;0.45063 ;0.44921 ;0.43973 ;0.43066 ;0.42182 ;0.41182 ;0.39774 ;0.38758 ;0.38363 ;0.38036 ;0.37686 ;0.38035 ;0.38733 ;0.39416 ;0.40376 ;0.41798 ;0.42773 ;0.43585 ;0.44005 ;0.43764 ;0.43313 ;0.41894 ;0.41492 ;0.41128 ;0.38306 ;0.37067 ;0.33186 ;0.31696 ;0.32536 ;0.27564
129   ;0.12686 ;0.12995 ;0.13694 ;0.13728 ;0.14428 ;0.14484 ;0.142 ;0.14177 ;0.14232 ;0.14172 ;0.13618 ;0.13488 ;0.13233 ;0.13013 ;0.12794 ;0.1287 ;0.12645 ;0.12191 ;0.12229 ;0.12244 ;0.12533 ;0.1266 ;0.13691 ;0.14023 ;0.15382 ;0.1618 ;0.16885 ;0.17327 ;0.17888 ;0.18932 ;0.20577 ;0.22874 ;0.25118 ;0.27556 ;0.29814 ;0.30579 ;0.3069 ;0.31162 ;0.31635 ;0.31831 ;0.31784 ;0.31839 ;0.31439 ;0.31198 ;0.30757 ;0.30583 ;0.30394 ;0.30211 ;0.29863 ;0.29786 ;0.29807 ;0.29626 ;0.29587 ;0.29206 ;0.28565 ;0.28151 ;0.27288 ;0.26843 ;0.26277 ;0.25987 ;0.25704 ;0.25725 ;0.25967 ;0.261 ;0.26332 ;0.26649 ;0.26746 ;0.26697 ;0.26974 ;0.27363 ;0.27229 ;0.27283 ;0.27398 ;0.27566 ;0.27702 ;0.2776 ;0.27597 ;0.27465 ;0.27292 ;0.2717 ;0.27095 ;0.26873 ;0.26653 ;0.26197 ;0.261 ;0.2586 ;0.25993 ;0.26554 ;0.27478 ;0.28996 ;0.31684 ;0.34742 ;0.37588 ;0.39867 ;0.41085 ;0.41497 ;0.41184 ;0.4065 ;0.39704 ;0.38729 ;0.37894 ;0.36851 ;0.3596 ;0.35604 ;0.35383 ;0.35304 ;0.35655 ;0.36344 ;0.37426 ;0.38666 ;0.39689 ;0.41261 ;0.419 ;0.42374 ;0.42272 ;0.41739 ;0.40925 ;0.40092 ;0.38904 ;0.37551 ;0.35729 ;0.32678 ;0.31829 ;0.32303 ;0.29438
130   ;0.12172 ;0.12282 ;0.12081 ;0.12381 ;0.12438 ;0.12345 ;0.1238 ;0.12588 ;0.12402 ;0.11946 ;0.11691 ;0.11561 ;0.11506 ;0.11189 ;0.10994 ;0.10822 ;0.10437 ;0.10665 ;0.10559 ;0.10621 ;0.10835 ;0.11098 ;0.11511 ;0.12487 ;0.12943 ;0.13665 ;0.1411 ;0.1451 ;0.15194 ;0.1602 ;0.17632 ;0.19329 ;0.21507 ;0.22561 ;0.24245 ;0.24672 ;0.24741 ;0.2537 ;0.25653 ;0.25381 ;0.25337 ;0.25352 ;0.24672 ;0.2461 ;0.2416 ;0.23624 ;0.23676 ;0.2347 ;0.23409 ;0.23201 ;0.23186 ;0.22799 ;0.22771 ;0.22461 ;0.22038 ;0.21687 ;0.21102 ;0.20972 ;0.20463 ;0.20419 ;0.20397 ;0.2062 ;0.20742 ;0.20977 ;0.21203 ;0.21358 ;0.21371 ;0.21594 ;0.2178 ;0.21946 ;0.22188 ;0.21732 ;0.22173 ;0.22243 ;0.22239 ;0.22564 ;0.22425 ;0.22304 ;0.22552 ;0.22241 ;0.2202 ;0.21905 ;0.21887 ;0.21619 ;0.21332 ;0.21444 ;0.21558 ;0.22003 ;0.22962 ;0.24668 ;0.27214 ;0.30316 ;0.32809 ;0.34983 ;0.35811 ;0.35665 ;0.35255 ;0.34828 ;0.33742 ;0.32717 ;0.31812 ;0.31011 ;0.30069 ;0.29483 ;0.28972 ;0.28844 ;0.28992 ;0.29169 ;0.29995 ;0.3075 ;0.3127 ;0.32151 ;0.3252 ;0.32869 ;0.32892 ;0.32555 ;0.32819 ;0.32011 ;0.30649 ;0.30714 ;0.29206 ;0.27301 ;0.26985 ;0.27156 ;0.26103
131   ;0.12247 ;0.12325 ;0.12189 ;0.12543 ;0.12575 ;0.12288 ;0.12448 ;0.12335 ;0.1221 ;0.11916 ;0.11668 ;0.1149 ;0.11368 ;0.11115 ;0.10946 ;0.10865 ;0.10526 ;0.10698 ;0.10764 ;0.10565 ;0.10827 ;0.10992 ;0.11436 ;0.11817 ;0.12319 ;0.12986 ;0.13339 ;0.13722 ;0.14528 ;0.15204 ;0.16723 ;0.18229 ;0.20201 ;0.21217 ;0.22477 ;0.23035 ;0.23213 ;0.23583 ;0.23897 ;0.23472 ;0.23667 ;0.23505 ;0.22922 ;0.22839 ;0.22383 ;0.21901 ;0.21964 ;0.21676 ;0.21485 ;0.21291 ;0.21247 ;0.21006 ;0.20848 ;0.2067 ;0.20234 ;0.19951 ;0.19459 ;0.19297 ;0.18886 ;0.18852 ;0.18844 ;0.19013 ;0.19199 ;0.19502 ;0.19779 ;0.20048 ;0.20073 ;0.20429 ;0.2064 ;0.20809 ;0.2097 ;0.20644 ;0.2095 ;0.20819 ;0.20955 ;0.21152 ;0.20998 ;0.20893 ;0.20935 ;0.20759 ;0.20625 ;0.20518 ;0.20459 ;0.20154 ;0.19981 ;0.19953 ;0.20162 ;0.20663 ;0.21728 ;0.23373 ;0.26126 ;0.29363 ;0.31957 ;0.3418 ;0.3508 ;0.35234 ;0.34765 ;0.342 ;0.33336 ;0.32195 ;0.31354 ;0.30525 ;0.29493 ;0.28864 ;0.28179 ;0.27994 ;0.27823 ;0.28115 ;0.28736 ;0.29247 ;0.296 ;0.30431 ;0.3072 ;0.30921 ;0.30939 ;0.30527 ;0.30735 ;0.29954 ;0.29039 ;0.28791 ;0.27384 ;0.258 ;0.25501 ;0.25665 ;0.24657
132   ;0.16693 ;0.17051 ;0.17504 ;0.17759 ;0.18204 ;0.1807 ;0.17902 ;0.18078 ;0.18107 ;0.17616 ;0.17008 ;0.16866 ;0.16711 ;0.16291 ;0.16091 ;0.15951 ;0.15453 ;0.15443 ;0.15494 ;0.15279 ;0.15712 ;0.16161 ;0.16965 ;0.17938 ;0.1886 ;0.20078 ;0.21039 ;0.21442 ;0.22491 ;0.23561 ;0.25905 ;0.2849 ;0.32163 ;0.34944 ;0.38335 ;0.39158 ;0.39048 ;0.40002 ;0.40366 ;0.40221 ;0.40409 ;0.40401 ;0.39449 ;0.39531 ;0.3881 ;0.38217 ;0.38374 ;0.38024 ;0.37826 ;0.37738 ;0.37791 ;0.37433 ;0.37188 ;0.37029 ;0.36084 ;0.35467 ;0.34627 ;0.34223 ;0.33246 ;0.32877 ;0.32613 ;0.32522 ;0.32352 ;0.32702 ;0.33085 ;0.33543 ;0.33275 ;0.33743 ;0.33919 ;0.34134 ;0.34602 ;0.33993 ;0.34638 ;0.3452 ;0.34514 ;0.34874 ;0.34434 ;0.34141 ;0.34199 ;0.33739 ;0.33525 ;0.33268 ;0.3305 ;0.32476 ;0.32203 ;0.32064 ;0.32268 ;0.32901 ;0.34125 ;0.36022 ;0.39319 ;0.43439 ;0.46846 ;0.50018 ;0.51666 ;0.52234 ;0.5211 ;0.51783 ;0.50665 ;0.49409 ;0.48262 ;0.47182 ;0.46074 ;0.45617 ;0.44997 ;0.45248 ;0.45616 ;0.46364 ;0.47925 ;0.49508 ;0.50414 ;0.52198 ;0.52896 ;0.53524 ;0.52931 ;0.52182 ;0.52145 ;0.50363 ;0.48381 ;0.47991 ;0.44759 ;0.41549 ;0.41063 ;0.41325 ;0.39726
133   ;0.15462 ;0.1575 ;0.16122 ;0.16646 ;0.17045 ;0.16991 ;0.16972 ;0.16976 ;0.16688 ;0.16207 ;0.1605 ;0.1555 ;0.15394 ;0.15162 ;0.14972 ;0.14766 ;0.14488 ;0.14334 ;0.1432 ;0.14252 ;0.14557 ;0.14946 ;0.1571 ;0.16661 ;0.17524 ;0.18602 ;0.19525 ;0.19975 ;0.20786 ;0.21788 ;0.23626 ;0.26203 ;0.29211 ;0.3204 ;0.35394 ;0.35754 ;0.35562 ;0.36092 ;0.36621 ;0.36569 ;0.36695 ;0.36704 ;0.36138 ;0.35926 ;0.35624 ;0.34951 ;0.35162 ;0.34874 ;0.34575 ;0.34435 ;0.34576 ;0.34453 ;0.34251 ;0.33905 ;0.33258 ;0.32573 ;0.31692 ;0.31314 ;0.30515 ;0.30172 ;0.29963 ;0.29764 ;0.29781 ;0.30089 ;0.30426 ;0.30888 ;0.30817 ;0.30929 ;0.31215 ;0.31586 ;0.31802 ;0.31433 ;0.3188 ;0.31815 ;0.31932 ;0.3198 ;0.31768 ;0.31547 ;0.3147 ;0.31128 ;0.30862 ;0.30744 ;0.30488 ;0.29962 ;0.29651 ;0.29546 ;0.29687 ;0.30228 ;0.312 ;0.32957 ;0.3584 ;0.39384 ;0.42554 ;0.45185 ;0.46641 ;0.47082 ;0.46991 ;0.46375 ;0.45346 ;0.44344 ;0.43333 ;0.4239 ;0.4137 ;0.41153 ;0.40894 ;0.41083 ;0.41649 ;0.42354 ;0.43878 ;0.45556 ;0.46918 ;0.48644 ;0.49414 ;0.50132 ;0.49598 ;0.48604 ;0.48258 ;0.46522 ;0.44722 ;0.44052 ;0.4136 ;0.38081 ;0.37406 ;0.37777 ;0.35524
134   ;0.16421 ;0.16895 ;0.17188 ;0.17674 ;0.18229 ;0.18374 ;0.17831 ;0.18008 ;0.18168 ;0.17497 ;0.17135 ;0.16794 ;0.16698 ;0.16671 ;0.16298 ;0.15961 ;0.15687 ;0.15582 ;0.15487 ;0.15627 ;0.15924 ;0.1626 ;0.1732 ;0.18418 ;0.19412 ;0.20539 ;0.21285 ;0.21874 ;0.22703 ;0.24197 ;0.26549 ;0.29246 ;0.32802 ;0.35397 ;0.38903 ;0.3972 ;0.4006 ;0.40585 ;0.41264 ;0.40896 ;0.41082 ;0.40847 ;0.3994 ;0.39639 ;0.39174 ;0.38596 ;0.38719 ;0.38405 ;0.38013 ;0.37955 ;0.38018 ;0.37712 ;0.37329 ;0.36934 ;0.36309 ;0.35663 ;0.34779 ;0.34248 ;0.33503 ;0.33107 ;0.3281 ;0.32832 ;0.3289 ;0.33101 ;0.3329 ;0.3375 ;0.33723 ;0.34025 ;0.3411 ;0.34485 ;0.3462 ;0.3435 ;0.34696 ;0.34759 ;0.34801 ;0.34961 ;0.34746 ;0.34453 ;0.3447 ;0.34125 ;0.33764 ;0.33611 ;0.33336 ;0.32836 ;0.32472 ;0.32461 ;0.3266 ;0.33252 ;0.34551 ;0.36769 ;0.40211 ;0.44403 ;0.47916 ;0.5129 ;0.532 ;0.537 ;0.53537 ;0.53213 ;0.52 ;0.50533 ;0.49329 ;0.48161 ;0.4672 ;0.46233 ;0.45769 ;0.45753 ;0.46197 ;0.46906 ;0.48232 ;0.49421 ;0.50755 ;0.52131 ;0.52558 ;0.53336 ;0.53101 ;0.5195 ;0.5185 ;0.50494 ;0.48464 ;0.47611 ;0.44943 ;0.40716 ;0.39686 ;0.40257 ;0.36827
135   ;0.12365 ;0.12645 ;0.12828 ;0.12966 ;0.13257 ;0.13105 ;0.1318 ;0.12892 ;0.12758 ;0.12818 ;0.12437 ;0.12157 ;0.12181 ;0.11825 ;0.11604 ;0.11761 ;0.11477 ;0.11362 ;0.11338 ;0.114 ;0.11558 ;0.11727 ;0.12255 ;0.12799 ;0.13283 ;0.13914 ;0.14288 ;0.14772 ;0.15268 ;0.16364 ;0.17873 ;0.19563 ;0.21379 ;0.22841 ;0.24016 ;0.24749 ;0.25037 ;0.25373 ;0.25506 ;0.25498 ;0.25445 ;0.25127 ;0.24826 ;0.24532 ;0.24085 ;0.2379 ;0.23648 ;0.23517 ;0.23218 ;0.23084 ;0.22909 ;0.22901 ;0.22641 ;0.2247 ;0.2199 ;0.21568 ;0.21251 ;0.20902 ;0.20601 ;0.20432 ;0.20364 ;0.20467 ;0.20799 ;0.21039 ;0.21259 ;0.21577 ;0.21743 ;0.22026 ;0.22216 ;0.22458 ;0.22536 ;0.22417 ;0.22466 ;0.22553 ;0.2265 ;0.22791 ;0.22693 ;0.22537 ;0.22561 ;0.22393 ;0.22252 ;0.22149 ;0.22012 ;0.21701 ;0.21612 ;0.21575 ;0.21712 ;0.22319 ;0.23354 ;0.25064 ;0.27916 ;0.3105 ;0.33901 ;0.36169 ;0.37134 ;0.37317 ;0.37032 ;0.36313 ;0.35275 ;0.34267 ;0.33278 ;0.32332 ;0.31324 ;0.30674 ;0.30146 ;0.29851 ;0.29898 ;0.30132 ;0.30786 ;0.3143 ;0.31887 ;0.32635 ;0.32977 ;0.33395 ;0.33167 ;0.32915 ;0.32673 ;0.31813 ;0.31202 ;0.30481 ;0.28968 ;0.26722 ;0.26123 ;0.26457 ;0.24426
136   ;0.12698 ;0.12838 ;0.1266 ;0.12904 ;0.13165 ;0.13016 ;0.12739 ;0.12802 ;0.1286 ;0.12609 ;0.1213 ;0.1201 ;0.12011 ;0.11727 ;0.11735 ;0.11547 ;0.11299 ;0.11314 ;0.11416 ;0.11249 ;0.11539 ;0.11626 ;0.12081 ;0.12706 ;0.13114 ;0.13647 ;0.13868 ;0.14533 ;0.15075 ;0.16085 ;0.17574 ;0.19129 ;0.20913 ;0.21943 ;0.23404 ;0.23795 ;0.24097 ;0.24381 ;0.24646 ;0.24362 ;0.24384 ;0.24157 ;0.23721 ;0.23446 ;0.23011 ;0.22739 ;0.22617 ;0.22469 ;0.22174 ;0.2202 ;0.21923 ;0.21769 ;0.21639 ;0.21328 ;0.2093 ;0.20636 ;0.20148 ;0.19921 ;0.19679 ;0.19476 ;0.19511 ;0.19756 ;0.19926 ;0.20278 ;0.20516 ;0.20713 ;0.20998 ;0.21262 ;0.21499 ;0.21718 ;0.21754 ;0.21506 ;0.21608 ;0.21737 ;0.21755 ;0.2187 ;0.21764 ;0.21626 ;0.21672 ;0.21505 ;0.21362 ;0.21286 ;0.2105 ;0.20869 ;0.2069 ;0.20694 ;0.2091 ;0.21379 ;0.22501 ;0.24342 ;0.27043 ;0.30308 ;0.3291 ;0.35102 ;0.36162 ;0.36173 ;0.35764 ;0.35233 ;0.34218 ;0.33145 ;0.32223 ;0.31282 ;0.30301 ;0.29692 ;0.29059 ;0.28868 ;0.28869 ;0.28987 ;0.29654 ;0.30131 ;0.30619 ;0.31361 ;0.31569 ;0.31872 ;0.31719 ;0.31337 ;0.31394 ;0.3067 ;0.29764 ;0.29391 ;0.27821 ;0.25932 ;0.25546 ;0.25758 ;0.24458
137   ;0.13663 ;0.14434 ;0.14939 ;0.15004 ;0.15796 ;0.15771 ;0.15567 ;0.15438 ;0.15505 ;0.15371 ;0.14658 ;0.14539 ;0.14184 ;0.14086 ;0.13952 ;0.13717 ;0.13593 ;0.13139 ;0.13188 ;0.13189 ;0.13438 ;0.13656 ;0.14639 ;0.15287 ;0.16459 ;0.17368 ;0.17934 ;0.18609 ;0.19043 ;0.20235 ;0.21963 ;0.24601 ;0.26898 ;0.29619 ;0.32163 ;0.33014 ;0.33441 ;0.33795 ;0.34087 ;0.34205 ;0.34099 ;0.34029 ;0.33564 ;0.33099 ;0.32851 ;0.32401 ;0.32501 ;0.32181 ;0.31855 ;0.31881 ;0.31786 ;0.31763 ;0.31581 ;0.31047 ;0.30578 ;0.30101 ;0.29182 ;0.28723 ;0.28341 ;0.27865 ;0.27688 ;0.27515 ;0.27812 ;0.27979 ;0.28212 ;0.286 ;0.28787 ;0.2898 ;0.29206 ;0.29486 ;0.2943 ;0.29544 ;0.295 ;0.2959 ;0.29828 ;0.29734 ;0.29722 ;0.29516 ;0.29259 ;0.29202 ;0.28964 ;0.28707 ;0.28405 ;0.27951 ;0.27855 ;0.27592 ;0.27642 ;0.28246 ;0.29198 ;0.30749 ;0.33469 ;0.36887 ;0.39998 ;0.42391 ;0.4385 ;0.44402 ;0.4423 ;0.43389 ;0.42392 ;0.41494 ;0.40413 ;0.39275 ;0.38333 ;0.38054 ;0.37773 ;0.37759 ;0.38336 ;0.39202 ;0.40307 ;0.41598 ;0.42911 ;0.44182 ;0.44984 ;0.45478 ;0.45227 ;0.4464 ;0.43888 ;0.42806 ;0.41754 ;0.40049 ;0.38507 ;0.3484 ;0.3363 ;0.3431 ;0.30254
138   ;0.14777 ;0.14727 ;0.151 ;0.1538 ;0.15335 ;0.1557 ;0.15471 ;0.15166 ;0.15015 ;0.14841 ;0.14466 ;0.14007 ;0.13995 ;0.13684 ;0.13556 ;0.13489 ;0.13009 ;0.13008 ;0.1287 ;0.12904 ;0.13095 ;0.13458 ;0.14116 ;0.14935 ;0.15735 ;0.16686 ;0.17054 ;0.17726 ;0.18436 ;0.195 ;0.2147 ;0.23634 ;0.25891 ;0.27982 ;0.29983 ;0.3091 ;0.31567 ;0.32075 ;0.32206 ;0.32391 ;0.32223 ;0.31838 ;0.31678 ;0.31113 ;0.30823 ;0.30242 ;0.30413 ;0.30123 ;0.29785 ;0.2987 ;0.29646 ;0.29648 ;0.29361 ;0.2909 ;0.28598 ;0.28231 ;0.27696 ;0.27405 ;0.26981 ;0.2672 ;0.26456 ;0.26417 ;0.26756 ;0.27035 ;0.27077 ;0.27602 ;0.27707 ;0.28019 ;0.28197 ;0.28624 ;0.28629 ;0.28647 ;0.28631 ;0.28787 ;0.28808 ;0.2884 ;0.2879 ;0.28557 ;0.28423 ;0.28338 ;0.28168 ;0.2797 ;0.27744 ;0.27399 ;0.27188 ;0.27032 ;0.27221 ;0.27899 ;0.28727 ;0.30355 ;0.33249 ;0.36576 ;0.39562 ;0.41949 ;0.43388 ;0.44075 ;0.43927 ;0.43196 ;0.42283 ;0.41388 ;0.40443 ;0.39214 ;0.38107 ;0.37683 ;0.37201 ;0.37007 ;0.37304 ;0.37802 ;0.38667 ;0.39265 ;0.40285 ;0.41232 ;0.41696 ;0.42208 ;0.42122 ;0.4188 ;0.41241 ;0.4066 ;0.39794 ;0.38469 ;0.37156 ;0.3334 ;0.32091 ;0.32792 ;0.28614
139   ;0.11805 ;0.12329 ;0.12458 ;0.12501 ;0.12964 ;0.13205 ;0.12812 ;0.12666 ;0.12871 ;0.12833 ;0.12208 ;0.12012 ;0.11915 ;0.11948 ;0.11659 ;0.11524 ;0.1125 ;0.11168 ;0.11087 ;0.1124 ;0.11391 ;0.1166 ;0.12434 ;0.13158 ;0.14034 ;0.14735 ;0.15059 ;0.1571 ;0.16176 ;0.17474 ;0.18944 ;0.20752 ;0.22888 ;0.24244 ;0.26032 ;0.26646 ;0.26989 ;0.27536 ;0.27813 ;0.27754 ;0.27756 ;0.27563 ;0.27241 ;0.26889 ;0.26532 ;0.26184 ;0.26118 ;0.25859 ;0.25521 ;0.25546 ;0.2531 ;0.2528 ;0.25034 ;0.24757 ;0.243 ;0.23898 ;0.23305 ;0.22963 ;0.22697 ;0.22429 ;0.22421 ;0.2259 ;0.23075 ;0.23275 ;0.23442 ;0.23511 ;0.23767 ;0.23912 ;0.24032 ;0.24308 ;0.24297 ;0.24308 ;0.2435 ;0.24421 ;0.24659 ;0.24799 ;0.24644 ;0.24683 ;0.24696 ;0.24564 ;0.24475 ;0.24285 ;0.24096 ;0.23883 ;0.23639 ;0.23624 ;0.23765 ;0.24322 ;0.25296 ;0.27004 ;0.29751 ;0.329 ;0.35629 ;0.37801 ;0.38871 ;0.39087 ;0.38668 ;0.38019 ;0.37079 ;0.36053 ;0.35088 ;0.3416 ;0.3311 ;0.32567 ;0.32104 ;0.31769 ;0.31868 ;0.32311 ;0.32821 ;0.3344 ;0.34303 ;0.34996 ;0.35453 ;0.35977 ;0.35864 ;0.35532 ;0.3526 ;0.34705 ;0.33777 ;0.32925 ;0.31379 ;0.28584 ;0.27811 ;0.28242 ;0.2563
140   ;0.15138 ;0.15269 ;0.15595 ;0.15854 ;0.16342 ;0.16244 ;0.1613 ;0.15959 ;0.1588 ;0.15611 ;0.15287 ;0.14955 ;0.14814 ;0.14624 ;0.14159 ;0.14233 ;0.13906 ;0.13671 ;0.13674 ;0.13627 ;0.13848 ;0.14304 ;0.1497 ;0.15881 ;0.16675 ;0.1772 ;0.18331 ;0.18921 ;0.19486 ;0.2064 ;0.22474 ;0.24857 ;0.27307 ;0.29595 ;0.31986 ;0.32689 ;0.33102 ;0.33644 ;0.3407 ;0.34077 ;0.33956 ;0.33743 ;0.33446 ;0.3303 ;0.32684 ;0.32275 ;0.32392 ;0.32099 ;0.31768 ;0.31693 ;0.31771 ;0.3164 ;0.31324 ;0.30988 ;0.30555 ;0.30129 ;0.29354 ;0.28981 ;0.28557 ;0.28213 ;0.28054 ;0.27988 ;0.28237 ;0.28471 ;0.28823 ;0.29122 ;0.29293 ;0.29544 ;0.29736 ;0.30049 ;0.29962 ;0.30048 ;0.30113 ;0.30248 ;0.30338 ;0.30369 ;0.30252 ;0.3015 ;0.29946 ;0.29827 ;0.29574 ;0.29388 ;0.29191 ;0.28808 ;0.28614 ;0.28395 ;0.2851 ;0.29162 ;0.30095 ;0.31733 ;0.34534 ;0.37812 ;0.4088 ;0.4325 ;0.44637 ;0.45167 ;0.44985 ;0.44388 ;0.43361 ;0.42413 ;0.41459 ;0.40328 ;0.39462 ;0.3895 ;0.38647 ;0.38651 ;0.38967 ;0.39664 ;0.40543 ;0.41532 ;0.42825 ;0.43916 ;0.44529 ;0.45058 ;0.44797 ;0.4437 ;0.43739 ;0.42974 ;0.4185 ;0.40357 ;0.38953 ;0.35131 ;0.33888 ;0.34586 ;0.30425
141   ;0.1089 ;0.11629 ;0.12037 ;0.11679 ;0.12514 ;0.12855 ;0.12179 ;0.11994 ;0.1229 ;0.12417 ;0.1148 ;0.11611 ;0.11355 ;0.11331 ;0.11154 ;0.11087 ;0.11023 ;0.10414 ;0.10594 ;0.1076 ;0.10799 ;0.11051 ;0.12119 ;0.12676 ;0.13712 ;0.14356 ;0.14673 ;0.15405 ;0.15739 ;0.17077 ;0.18722 ;0.20671 ;0.22546 ;0.24091 ;0.25556 ;0.26312 ;0.26764 ;0.26971 ;0.27272 ;0.27287 ;0.27167 ;0.26832 ;0.26802 ;0.26126 ;0.25899 ;0.25612 ;0.25475 ;0.2519 ;0.24792 ;0.24789 ;0.24639 ;0.24512 ;0.24342 ;0.23912 ;0.23648 ;0.23109 ;0.22502 ;0.22073 ;0.21873 ;0.21644 ;0.2163 ;0.21797 ;0.22455 ;0.22528 ;0.22603 ;0.22751 ;0.23017 ;0.23055 ;0.23169 ;0.23416 ;0.23225 ;0.23477 ;0.23168 ;0.23507 ;0.23738 ;0.23716 ;0.23835 ;0.23857 ;0.23684 ;0.23664 ;0.23568 ;0.23434 ;0.2317 ;0.22955 ;0.22792 ;0.22563 ;0.22825 ;0.23439 ;0.2441 ;0.26176 ;0.28856 ;0.32184 ;0.34946 ;0.36977 ;0.38005 ;0.38214 ;0.37849 ;0.36954 ;0.36048 ;0.35071 ;0.34067 ;0.33013 ;0.32 ;0.31394 ;0.30975 ;0.30784 ;0.30787 ;0.31166 ;0.3169 ;0.32234 ;0.33158 ;0.33793 ;0.34303 ;0.34722 ;0.34708 ;0.34437 ;0.3375 ;0.33385 ;0.32863 ;0.31259 ;0.30384 ;0.27225 ;0.26059 ;0.26716 ;0.22789
142   ;0.14532 ;0.15038 ;0.15793 ;0.15427 ;0.16303 ;0.16483 ;0.15904 ;0.15609 ;0.15866 ;0.15845 ;0.15127 ;0.1513 ;0.1459 ;0.14754 ;0.14261 ;0.14477 ;0.14258 ;0.13687 ;0.1375 ;0.13702 ;0.13941 ;0.1403 ;0.15198 ;0.15402 ;0.16424 ;0.17285 ;0.1747 ;0.18214 ;0.18467 ;0.19755 ;0.21253 ;0.23424 ;0.25458 ;0.27289 ;0.29044 ;0.29943 ;0.30676 ;0.30742 ;0.31201 ;0.31324 ;0.31085 ;0.30955 ;0.30813 ;0.30097 ;0.29881 ;0.29523 ;0.29597 ;0.2926 ;0.28834 ;0.28828 ;0.28665 ;0.2874 ;0.28365 ;0.28056 ;0.2762 ;0.27319 ;0.26435 ;0.25963 ;0.25683 ;0.25418 ;0.25258 ;0.25264 ;0.25781 ;0.25879 ;0.2608 ;0.26243 ;0.26622 ;0.26587 ;0.26747 ;0.27083 ;0.26761 ;0.27215 ;0.26932 ;0.27135 ;0.27453 ;0.27245 ;0.27375 ;0.27342 ;0.26921 ;0.271 ;0.26931 ;0.26643 ;0.26337 ;0.26177 ;0.25961 ;0.25696 ;0.25828 ;0.26485 ;0.2743 ;0.2904 ;0.31697 ;0.34815 ;0.3779 ;0.39862 ;0.4126 ;0.41666 ;0.41489 ;0.40662 ;0.39715 ;0.38884 ;0.37878 ;0.36762 ;0.35839 ;0.35302 ;0.34981 ;0.34675 ;0.34879 ;0.35463 ;0.36114 ;0.36936 ;0.37953 ;0.38815 ;0.39439 ;0.39829 ;0.39626 ;0.39564 ;0.38511 ;0.38006 ;0.37448 ;0.35653 ;0.34606 ;0.30802 ;0.29438 ;0.30205 ;0.25645
143   ;0.16697 ;0.17004 ;0.17106 ;0.1758 ;0.17878 ;0.17809 ;0.17672 ;0.17833 ;0.17566 ;0.17289 ;0.16862 ;0.16311 ;0.1654 ;0.16133 ;0.15819 ;0.15618 ;0.15159 ;0.15284 ;0.15097 ;0.15069 ;0.15374 ;0.1568 ;0.16392 ;0.17707 ;0.18399 ;0.19519 ;0.20186 ;0.20679 ;0.21624 ;0.22718 ;0.24793 ;0.27077 ;0.30481 ;0.32663 ;0.36065 ;0.36556 ;0.36883 ;0.37751 ;0.3828 ;0.37881 ;0.37947 ;0.38092 ;0.36912 ;0.36992 ;0.36391 ;0.35885 ;0.3594 ;0.35739 ;0.35659 ;0.35478 ;0.3548 ;0.35141 ;0.35032 ;0.34626 ;0.33961 ;0.33649 ;0.3275 ;0.3257 ;0.31759 ;0.31522 ;0.31282 ;0.31324 ;0.31157 ;0.31439 ;0.31908 ;0.32261 ;0.32264 ;0.3268 ;0.32889 ;0.33262 ;0.33672 ;0.32966 ;0.33541 ;0.33435 ;0.33409 ;0.33601 ;0.33309 ;0.32946 ;0.33162 ;0.3265 ;0.32317 ;0.32135 ;0.32036 ;0.31562 ;0.3107 ;0.31083 ;0.312 ;0.31653 ;0.32621 ;0.34398 ;0.37193 ;0.40808 ;0.43787 ;0.46664 ;0.48182 ;0.48438 ;0.48292 ;0.4812 ;0.46927 ;0.4575 ;0.44769 ;0.43804 ;0.42731 ;0.42327 ;0.41805 ;0.41993 ;0.42605 ;0.4321 ;0.44733 ;0.46061 ;0.46927 ;0.48391 ;0.48918 ;0.49548 ;0.49285 ;0.48535 ;0.48739 ;0.47323 ;0.45229 ;0.45338 ;0.42197 ;0.39336 ;0.39042 ;0.39194 ;0.38262
144   ;0.1458 ;0.15337 ;0.16028 ;0.15704 ;0.16486 ;0.16709 ;0.16497 ;0.16221 ;0.15865 ;0.1604 ;0.15515 ;0.14999 ;0.14926 ;0.14936 ;0.14566 ;0.14502 ;0.14432 ;0.13965 ;0.13966 ;0.14005 ;0.14194 ;0.14638 ;0.15408 ;0.16169 ;0.17123 ;0.18071 ;0.18667 ;0.19258 ;0.19703 ;0.21071 ;0.2284 ;0.25156 ;0.27714 ;0.30223 ;0.32455 ;0.3348 ;0.3391 ;0.34114 ;0.34408 ;0.34682 ;0.34571 ;0.34392 ;0.34113 ;0.33652 ;0.33288 ;0.32995 ;0.32967 ;0.32688 ;0.32459 ;0.32481 ;0.32438 ;0.32231 ;0.32185 ;0.31664 ;0.31142 ;0.30753 ;0.30024 ;0.29544 ;0.29184 ;0.28712 ;0.28458 ;0.28428 ;0.28625 ;0.28868 ;0.29136 ;0.29412 ;0.29658 ;0.29764 ;0.29977 ;0.3038 ;0.30224 ;0.30496 ;0.30331 ;0.3051 ;0.30659 ;0.30601 ;0.30519 ;0.30281 ;0.30075 ;0.29975 ;0.29771 ;0.29548 ;0.29285 ;0.28911 ;0.2874 ;0.28453 ;0.28634 ;0.29237 ;0.30191 ;0.31817 ;0.34463 ;0.37759 ;0.40777 ;0.43097 ;0.44538 ;0.45084 ;0.44974 ;0.44326 ;0.43369 ;0.42446 ;0.4146 ;0.40376 ;0.39508 ;0.39105 ;0.38823 ;0.38774 ;0.3914 ;0.39857 ;0.40956 ;0.41997 ;0.43208 ;0.4451 ;0.45166 ;0.45573 ;0.453 ;0.44683 ;0.43833 ;0.43011 ;0.41841 ;0.40353 ;0.3862 ;0.34996 ;0.33897 ;0.34512 ;0.30827
145   ;0.1546 ;0.16122 ;0.16487 ;0.16132 ;0.16855 ;0.16936 ;0.16397 ;0.16116 ;0.1623 ;0.16515 ;0.15581 ;0.15682 ;0.15411 ;0.1547 ;0.15151 ;0.15259 ;0.15348 ;0.147 ;0.14783 ;0.14974 ;0.14809 ;0.14881 ;0.15731 ;0.15779 ;0.16499 ;0.16901 ;0.17079 ;0.17771 ;0.1774 ;0.19067 ;0.20209 ;0.22252 ;0.23302 ;0.25142 ;0.25927 ;0.2699 ;0.27469 ;0.27543 ;0.27549 ;0.27947 ;0.27592 ;0.27226 ;0.27409 ;0.26466 ;0.26413 ;0.26456 ;0.26011 ;0.2586 ;0.25403 ;0.25562 ;0.25122 ;0.25342 ;0.25277 ;0.24755 ;0.24421 ;0.24216 ;0.23552 ;0.23102 ;0.23116 ;0.22815 ;0.22573 ;0.22561 ;0.23216 ;0.23302 ;0.23457 ;0.23708 ;0.2438 ;0.24273 ;0.24522 ;0.24869 ;0.24458 ;0.25196 ;0.24538 ;0.24821 ;0.25178 ;0.24905 ;0.24986 ;0.24958 ;0.2457 ;0.24742 ;0.24644 ;0.24472 ;0.24151 ;0.24022 ;0.23961 ;0.23675 ;0.23895 ;0.24627 ;0.25577 ;0.2725 ;0.2988 ;0.32956 ;0.36034 ;0.37594 ;0.38964 ;0.39634 ;0.39284 ;0.38248 ;0.37465 ;0.3669 ;0.3564 ;0.34473 ;0.33609 ;0.32983 ;0.3274 ;0.32248 ;0.32337 ;0.32799 ;0.32944 ;0.33367 ;0.34413 ;0.34861 ;0.35371 ;0.35516 ;0.35524 ;0.35191 ;0.34034 ;0.34141 ;0.34017 ;0.3166 ;0.31041 ;0.27534 ;0.26091 ;0.26906 ;0.22078
146   ;0.17981 ;0.18868 ;0.1958 ;0.19045 ;0.1994 ;0.20352 ;0.19496 ;0.19005 ;0.19427 ;0.19816 ;0.1884 ;0.18599 ;0.18556 ;0.18906 ;0.18383 ;0.18677 ;0.19 ;0.17865 ;0.18147 ;0.18466 ;0.18319 ;0.1834 ;0.195 ;0.19345 ;0.20336 ;0.20829 ;0.20948 ;0.21657 ;0.21701 ;0.23173 ;0.24472 ;0.26293 ;0.27434 ;0.29046 ;0.29988 ;0.30886 ;0.31394 ;0.31446 ;0.31493 ;0.31915 ;0.31559 ;0.3121 ;0.31476 ;0.30609 ;0.30606 ;0.30332 ;0.30236 ;0.29971 ;0.2953 ;0.29636 ;0.29238 ;0.29579 ;0.29298 ;0.28999 ;0.28723 ;0.28412 ;0.27867 ;0.27484 ;0.27529 ;0.27122 ;0.27039 ;0.27058 ;0.27828 ;0.2784 ;0.2803 ;0.28317 ;0.28939 ;0.28825 ;0.29075 ;0.29475 ;0.29084 ;0.2987 ;0.29168 ;0.29543 ;0.29747 ;0.29602 ;0.29707 ;0.29648 ;0.2929 ;0.2956 ;0.29517 ;0.29297 ;0.28879 ;0.28784 ;0.28824 ;0.28484 ;0.28761 ;0.29462 ;0.30431 ;0.32014 ;0.34736 ;0.37715 ;0.40531 ;0.42223 ;0.43538 ;0.44101 ;0.43789 ;0.42855 ;0.42077 ;0.41347 ;0.40387 ;0.39258 ;0.38346 ;0.37769 ;0.3748 ;0.36956 ;0.37062 ;0.37339 ;0.37518 ;0.37943 ;0.38845 ;0.39274 ;0.39638 ;0.39838 ;0.39691 ;0.39276 ;0.38003 ;0.38037 ;0.37777 ;0.35571 ;0.34971 ;0.31139 ;0.29614 ;0.30475 ;0.25389
147   ;0.10828 ;0.11495 ;0.12343 ;0.11753 ;0.12596 ;0.12835 ;0.1241 ;0.1191 ;0.11953 ;0.1228 ;0.11513 ;0.11295 ;0.11026 ;0.11188 ;0.10885 ;0.10999 ;0.10995 ;0.10403 ;0.10537 ;0.1069 ;0.10671 ;0.10939 ;0.1171 ;0.12033 ;0.12863 ;0.13582 ;0.13811 ;0.145 ;0.14763 ;0.16085 ;0.1741 ;0.1928 ;0.2085 ;0.2255 ;0.23677 ;0.2463 ;0.25113 ;0.25369 ;0.25404 ;0.25851 ;0.25642 ;0.25339 ;0.25304 ;0.24788 ;0.24496 ;0.24368 ;0.24166 ;0.23944 ;0.23638 ;0.23702 ;0.23497 ;0.23487 ;0.23325 ;0.23004 ;0.2267 ;0.22376 ;0.21916 ;0.21426 ;0.21403 ;0.21036 ;0.20994 ;0.21036 ;0.2153 ;0.21727 ;0.21938 ;0.22283 ;0.22695 ;0.22779 ;0.23134 ;0.23419 ;0.23176 ;0.23674 ;0.23296 ;0.23433 ;0.23634 ;0.23607 ;0.2358 ;0.23535 ;0.23224 ;0.23387 ;0.23341 ;0.2311 ;0.22815 ;0.22691 ;0.22629 ;0.22329 ;0.22549 ;0.23198 ;0.24097 ;0.25707 ;0.28313 ;0.31348 ;0.34244 ;0.36074 ;0.37295 ;0.37782 ;0.37503 ;0.36719 ;0.35907 ;0.35067 ;0.34174 ;0.33122 ;0.32213 ;0.31708 ;0.31375 ;0.30965 ;0.3105 ;0.31365 ;0.31837 ;0.32398 ;0.33165 ;0.33779 ;0.34224 ;0.34403 ;0.34355 ;0.33953 ;0.33214 ;0.32884 ;0.32292 ;0.30848 ;0.29883 ;0.26883 ;0.25819 ;0.26418 ;0.22827
148   ;0.13261 ;0.13784 ;0.14181 ;0.13989 ;0.14507 ;0.14513 ;0.14233 ;0.13849 ;0.13924 ;0.14132 ;0.13488 ;0.13379 ;0.13121 ;0.13144 ;0.1284 ;0.13055 ;0.13084 ;0.12294 ;0.12532 ;0.12508 ;0.12548 ;0.12904 ;0.13396 ;0.13544 ;0.14337 ;0.14961 ;0.15008 ;0.15697 ;0.15972 ;0.17322 ;0.18458 ;0.20499 ;0.21604 ;0.23364 ;0.24448 ;0.25156 ;0.25687 ;0.25768 ;0.25947 ;0.26152 ;0.25971 ;0.2562 ;0.25611 ;0.25012 ;0.24796 ;0.24594 ;0.24544 ;0.24165 ;0.23786 ;0.23894 ;0.23575 ;0.236 ;0.23476 ;0.23037 ;0.22755 ;0.22451 ;0.21931 ;0.21497 ;0.21438 ;0.21093 ;0.2101 ;0.20981 ;0.21557 ;0.21749 ;0.219 ;0.22238 ;0.22721 ;0.22838 ;0.23115 ;0.2345 ;0.23149 ;0.23624 ;0.23166 ;0.2348 ;0.23625 ;0.23553 ;0.23528 ;0.23498 ;0.23234 ;0.23353 ;0.23243 ;0.23036 ;0.22737 ;0.22639 ;0.22599 ;0.22285 ;0.22609 ;0.23235 ;0.24226 ;0.25972 ;0.28723 ;0.31774 ;0.34817 ;0.36721 ;0.37867 ;0.3841 ;0.37992 ;0.37123 ;0.36343 ;0.35352 ;0.34458 ;0.33401 ;0.32492 ;0.31928 ;0.31441 ;0.31009 ;0.31151 ;0.31453 ;0.31774 ;0.32246 ;0.33079 ;0.33657 ;0.34031 ;0.3419 ;0.34169 ;0.33824 ;0.32823 ;0.32741 ;0.32209 ;0.3063 ;0.29844 ;0.26765 ;0.25637 ;0.26273 ;0.22465
149   ;0.15705 ;0.15713 ;0.16013 ;0.15867 ;0.15872 ;0.15903 ;0.15848 ;0.15474 ;0.15263 ;0.15498 ;0.14833 ;0.14603 ;0.14505 ;0.14286 ;0.14081 ;0.14141 ;0.13916 ;0.13735 ;0.1358 ;0.13656 ;0.13667 ;0.13758 ;0.14096 ;0.14539 ;0.14844 ;0.15303 ;0.15539 ;0.16058 ;0.16438 ;0.17334 ;0.18628 ;0.20237 ;0.21603 ;0.23011 ;0.24079 ;0.24714 ;0.25024 ;0.2527 ;0.2533 ;0.25416 ;0.25318 ;0.2509 ;0.24803 ;0.24454 ;0.24142 ;0.2378 ;0.23743 ;0.23454 ;0.23306 ;0.23228 ;0.23102 ;0.22918 ;0.22776 ;0.22556 ;0.22072 ;0.2188 ;0.21352 ;0.21101 ;0.20845 ;0.20706 ;0.20572 ;0.2069 ;0.20926 ;0.21108 ;0.21389 ;0.21557 ;0.21844 ;0.2199 ;0.22306 ;0.22529 ;0.22486 ;0.22573 ;0.2251 ;0.22534 ;0.22695 ;0.22729 ;0.22723 ;0.22591 ;0.225 ;0.22427 ;0.22282 ;0.2216 ;0.2199 ;0.2175 ;0.21698 ;0.2156 ;0.21703 ;0.22258 ;0.23237 ;0.24857 ;0.27368 ;0.30354 ;0.33039 ;0.34979 ;0.36047 ;0.36217 ;0.35912 ;0.35371 ;0.34426 ;0.33541 ;0.32664 ;0.31701 ;0.30872 ;0.30318 ;0.29815 ;0.29438 ;0.2948 ;0.29732 ;0.30266 ;0.30769 ;0.31361 ;0.32027 ;0.32304 ;0.32586 ;0.32404 ;0.32086 ;0.318 ;0.31155 ;0.3046 ;0.29603 ;0.2847 ;0.26193 ;0.25495 ;0.25887 ;0.23512
150   ;0.11638 ;0.1225 ;0.12457 ;0.12343 ;0.12919 ;0.12931 ;0.1261 ;0.12503 ;0.1262 ;0.12543 ;0.12061 ;0.11938 ;0.11786 ;0.11547 ;0.11428 ;0.11319 ;0.11016 ;0.10855 ;0.10862 ;0.10832 ;0.11015 ;0.11329 ;0.12103 ;0.127 ;0.13497 ;0.14118 ;0.14874 ;0.15151 ;0.15692 ;0.16719 ;0.18164 ;0.20157 ;0.22047 ;0.23731 ;0.25243 ;0.26069 ;0.26573 ;0.27016 ;0.27065 ;0.27369 ;0.27409 ;0.27004 ;0.26857 ;0.26374 ;0.26234 ;0.2592 ;0.25846 ;0.25586 ;0.25143 ;0.25351 ;0.25127 ;0.25106 ;0.24821 ;0.2454 ;0.2415 ;0.23654 ;0.23094 ;0.22725 ;0.22416 ;0.22114 ;0.22048 ;0.22118 ;0.22499 ;0.2263 ;0.22775 ;0.22988 ;0.23146 ;0.23277 ;0.23581 ;0.23736 ;0.23595 ;0.23778 ;0.23788 ;0.239 ;0.24103 ;0.24157 ;0.24111 ;0.23993 ;0.23963 ;0.23879 ;0.23767 ;0.23633 ;0.23313 ;0.2314 ;0.23009 ;0.2277 ;0.22936 ;0.23489 ;0.24319 ;0.25853 ;0.28399 ;0.31307 ;0.34003 ;0.36042 ;0.37218 ;0.37699 ;0.37397 ;0.36527 ;0.35723 ;0.3488 ;0.33958 ;0.32929 ;0.32004 ;0.31521 ;0.31183 ;0.30928 ;0.31175 ;0.31583 ;0.32325 ;0.32974 ;0.33996 ;0.34855 ;0.35334 ;0.35761 ;0.35793 ;0.35725 ;0.34928 ;0.34624 ;0.3385 ;0.3266 ;0.31236 ;0.28341 ;0.27482 ;0.27963 ;0.25058
151   ;0.17784 ;0.17462 ;0.17275 ;0.17637 ;0.17409 ;0.17124 ;0.17189 ;0.17309 ;0.16898 ;0.16576 ;0.16462 ;0.16188 ;0.16188 ;0.15662 ;0.15526 ;0.15555 ;0.15086 ;0.15322 ;0.15319 ;0.15064 ;0.15118 ;0.15358 ;0.15508 ;0.16085 ;0.16284 ;0.16767 ;0.17222 ;0.1752 ;0.18203 ;0.19003 ;0.20463 ;0.21866 ;0.23872 ;0.24855 ;0.26222 ;0.26532 ;0.268 ;0.2722 ;0.27462 ;0.27137 ;0.27142 ;0.26986 ;0.26422 ;0.26391 ;0.25762 ;0.25457 ;0.25373 ;0.25208 ;0.24977 ;0.24752 ;0.24795 ;0.24472 ;0.24295 ;0.24033 ;0.23704 ;0.23316 ;0.22814 ;0.22733 ;0.22181 ;0.2217 ;0.22171 ;0.2226 ;0.22405 ;0.22658 ;0.2288 ;0.23244 ;0.23259 ;0.23552 ;0.23817 ;0.23991 ;0.24274 ;0.23795 ;0.24185 ;0.24209 ;0.24158 ;0.24398 ;0.24315 ;0.24133 ;0.24172 ;0.24048 ;0.23872 ;0.23752 ;0.23735 ;0.23487 ;0.23241 ;0.23292 ;0.23392 ;0.23981 ;0.25027 ;0.26833 ;0.29658 ;0.32835 ;0.35577 ;0.3782 ;0.38762 ;0.38697 ;0.38408 ;0.3787 ;0.36784 ;0.35785 ;0.34857 ;0.34073 ;0.33055 ;0.3237 ;0.31755 ;0.31484 ;0.31417 ;0.31535 ;0.32172 ;0.32772 ;0.33214 ;0.34018 ;0.34226 ;0.34621 ;0.34439 ;0.34095 ;0.34309 ;0.33298 ;0.32303 ;0.32176 ;0.30608 ;0.29196 ;0.29019 ;0.29112 ;0.28534
152   ;0.11859 ;0.1221 ;0.12577 ;0.12497 ;0.12981 ;0.12964 ;0.12634 ;0.12705 ;0.12379 ;0.1245 ;0.11991 ;0.11725 ;0.11555 ;0.11556 ;0.11353 ;0.11391 ;0.11133 ;0.10922 ;0.11002 ;0.11071 ;0.11149 ;0.11357 ;0.11954 ;0.12436 ;0.13044 ;0.13733 ;0.14049 ;0.14634 ;0.14983 ;0.16209 ;0.17464 ;0.19377 ;0.20693 ;0.22228 ;0.23182 ;0.23976 ;0.24445 ;0.24679 ;0.24763 ;0.2499 ;0.24825 ;0.24562 ;0.2458 ;0.24008 ;0.23759 ;0.23725 ;0.23406 ;0.23308 ;0.22888 ;0.22912 ;0.22616 ;0.22698 ;0.22597 ;0.22152 ;0.21864 ;0.21615 ;0.21032 ;0.20735 ;0.20618 ;0.20382 ;0.20277 ;0.20366 ;0.20798 ;0.21127 ;0.21324 ;0.21676 ;0.22181 ;0.22183 ;0.22491 ;0.22774 ;0.22641 ;0.22971 ;0.22552 ;0.22708 ;0.22955 ;0.2286 ;0.22834 ;0.22793 ;0.22518 ;0.22599 ;0.22505 ;0.2235 ;0.22156 ;0.21946 ;0.21853 ;0.2172 ;0.21918 ;0.22523 ;0.23483 ;0.2515 ;0.27749 ;0.30755 ;0.33585 ;0.35357 ;0.36537 ;0.37002 ;0.36735 ;0.35883 ;0.35046 ;0.34324 ;0.33384 ;0.32357 ;0.31504 ;0.3096 ;0.30573 ;0.3012 ;0.30142 ;0.30472 ;0.30781 ;0.31203 ;0.3194 ;0.32508 ;0.32894 ;0.33006 ;0.32847 ;0.32733 ;0.31972 ;0.31711 ;0.31442 ;0.29868 ;0.28942 ;0.26289 ;0.25311 ;0.25863 ;0.22547
153   ;0.12334 ;0.12764 ;0.12964 ;0.12885 ;0.13198 ;0.13273 ;0.13195 ;0.13088 ;0.13004 ;0.12891 ;0.12733 ;0.12373 ;0.12188 ;0.12148 ;0.11729 ;0.11757 ;0.11471 ;0.11434 ;0.11355 ;0.1135 ;0.11635 ;0.11933 ;0.12588 ;0.13289 ;0.13918 ;0.14618 ;0.15375 ;0.15616 ;0.16368 ;0.17163 ;0.18943 ;0.20775 ;0.22647 ;0.23988 ;0.25511 ;0.26176 ;0.26361 ;0.26826 ;0.27249 ;0.26958 ;0.26992 ;0.26944 ;0.26444 ;0.26189 ;0.25815 ;0.25333 ;0.25346 ;0.25149 ;0.24823 ;0.24713 ;0.24649 ;0.24415 ;0.24261 ;0.23928 ;0.23611 ;0.23117 ;0.22479 ;0.22192 ;0.21784 ;0.216 ;0.21674 ;0.21743 ;0.22028 ;0.22294 ;0.22455 ;0.22596 ;0.22613 ;0.22846 ;0.22978 ;0.2312 ;0.23114 ;0.22956 ;0.23257 ;0.23311 ;0.23497 ;0.23678 ;0.23676 ;0.23654 ;0.23669 ;0.23519 ;0.23389 ;0.23249 ;0.23133 ;0.22887 ;0.22743 ;0.22662 ;0.22791 ;0.23368 ;0.2441 ;0.26053 ;0.28734 ;0.31875 ;0.34562 ;0.36715 ;0.37657 ;0.37731 ;0.37378 ;0.368 ;0.35831 ;0.34927 ;0.33951 ;0.3301 ;0.32152 ;0.31526 ;0.30918 ;0.30713 ;0.30731 ;0.30908 ;0.31472 ;0.32153 ;0.3273 ;0.33534 ;0.33898 ;0.34262 ;0.34194 ;0.33951 ;0.3373 ;0.3322 ;0.32216 ;0.31457 ;0.30598 ;0.28097 ;0.27304 ;0.27749 ;0.25058
154   ;0.14 ;0.1469 ;0.15177 ;0.15056 ;0.15676 ;0.16042 ;0.15394 ;0.15083 ;0.1523 ;0.15182 ;0.1463 ;0.14109 ;0.14022 ;0.13978 ;0.13696 ;0.13615 ;0.13661 ;0.12995 ;0.13051 ;0.1321 ;0.13265 ;0.13564 ;0.14519 ;0.15103 ;0.16236 ;0.17136 ;0.17491 ;0.18221 ;0.18629 ;0.20146 ;0.21809 ;0.24369 ;0.26517 ;0.28919 ;0.30666 ;0.31864 ;0.32656 ;0.32891 ;0.32964 ;0.33388 ;0.33144 ;0.32683 ;0.32739 ;0.31838 ;0.31604 ;0.31363 ;0.31311 ;0.30956 ;0.30701 ;0.3072 ;0.30576 ;0.30452 ;0.30374 ;0.29895 ;0.29483 ;0.28977 ;0.28459 ;0.27929 ;0.27776 ;0.27248 ;0.27083 ;0.27053 ;0.27576 ;0.27737 ;0.27798 ;0.28088 ;0.28611 ;0.28584 ;0.28886 ;0.29184 ;0.2895 ;0.29537 ;0.29066 ;0.29219 ;0.29563 ;0.29339 ;0.29338 ;0.29251 ;0.28845 ;0.28918 ;0.28723 ;0.28508 ;0.28121 ;0.2785 ;0.27764 ;0.27487 ;0.27621 ;0.28255 ;0.2929 ;0.30935 ;0.33713 ;0.37107 ;0.40303 ;0.42501 ;0.43982 ;0.44745 ;0.44555 ;0.43618 ;0.42781 ;0.41802 ;0.40863 ;0.39558 ;0.3852 ;0.38024 ;0.37775 ;0.37473 ;0.37792 ;0.38487 ;0.39204 ;0.40003 ;0.4112 ;0.41961 ;0.4259 ;0.43061 ;0.42835 ;0.42645 ;0.41515 ;0.4114 ;0.40827 ;0.38311 ;0.372 ;0.3334 ;0.31863 ;0.32696 ;0.27769
155   ;0.15289 ;0.15789 ;0.16203 ;0.16232 ;0.16425 ;0.16704 ;0.16437 ;0.16152 ;0.16133 ;0.16006 ;0.1564 ;0.15312 ;0.15223 ;0.15103 ;0.14921 ;0.14951 ;0.14786 ;0.14362 ;0.14453 ;0.1444 ;0.14577 ;0.14878 ;0.15523 ;0.1605 ;0.16899 ;0.1762 ;0.17979 ;0.18575 ;0.18928 ;0.20244 ;0.21576 ;0.23628 ;0.25676 ;0.27879 ;0.29791 ;0.30538 ;0.31111 ;0.31527 ;0.316 ;0.31864 ;0.31788 ;0.3149 ;0.31406 ;0.30837 ;0.30587 ;0.30308 ;0.30324 ;0.30123 ;0.29804 ;0.29787 ;0.2975 ;0.29672 ;0.29566 ;0.29177 ;0.28644 ;0.28406 ;0.27711 ;0.27309 ;0.27056 ;0.26625 ;0.26458 ;0.26393 ;0.26795 ;0.26876 ;0.2704 ;0.27334 ;0.27605 ;0.27712 ;0.27887 ;0.28152 ;0.28106 ;0.28417 ;0.28249 ;0.28321 ;0.2856 ;0.28423 ;0.28431 ;0.28312 ;0.28016 ;0.27947 ;0.27769 ;0.27594 ;0.2727 ;0.2702 ;0.26841 ;0.26609 ;0.26808 ;0.27327 ;0.28179 ;0.29637 ;0.32144 ;0.35181 ;0.38059 ;0.40157 ;0.41531 ;0.42139 ;0.42008 ;0.41215 ;0.40396 ;0.39557 ;0.38586 ;0.37529 ;0.3663 ;0.36157 ;0.35964 ;0.35676 ;0.36 ;0.36673 ;0.37394 ;0.38302 ;0.39385 ;0.40435 ;0.41006 ;0.41462 ;0.41279 ;0.40797 ;0.40069 ;0.39578 ;0.38966 ;0.3717 ;0.35775 ;0.32412 ;0.31263 ;0.31909 ;0.28046
156   ;0.12089 ;0.12868 ;0.13526 ;0.13385 ;0.14225 ;0.14461 ;0.13864 ;0.13575 ;0.13807 ;0.14011 ;0.13171 ;0.13098 ;0.12854 ;0.12626 ;0.12475 ;0.12525 ;0.1247 ;0.11775 ;0.11988 ;0.12001 ;0.12113 ;0.12428 ;0.13426 ;0.13729 ;0.15064 ;0.15776 ;0.16368 ;0.16876 ;0.172 ;0.18416 ;0.20086 ;0.2242 ;0.24458 ;0.26824 ;0.28783 ;0.29781 ;0.3001 ;0.30277 ;0.30693 ;0.3086 ;0.30689 ;0.30492 ;0.30475 ;0.29798 ;0.29558 ;0.29499 ;0.29203 ;0.28957 ;0.28558 ;0.28576 ;0.28457 ;0.28534 ;0.28184 ;0.27931 ;0.27349 ;0.26928 ;0.26152 ;0.25604 ;0.25305 ;0.24862 ;0.24766 ;0.24723 ;0.2507 ;0.25212 ;0.25479 ;0.25663 ;0.25981 ;0.25868 ;0.26042 ;0.26458 ;0.26167 ;0.26502 ;0.26355 ;0.26536 ;0.26736 ;0.26685 ;0.26631 ;0.26613 ;0.26222 ;0.26213 ;0.26162 ;0.25858 ;0.25619 ;0.25152 ;0.25147 ;0.24845 ;0.24966 ;0.25587 ;0.2652 ;0.28067 ;0.30793 ;0.33881 ;0.36808 ;0.39033 ;0.40329 ;0.40848 ;0.40503 ;0.39744 ;0.38825 ;0.37777 ;0.36953 ;0.35868 ;0.34888 ;0.34438 ;0.34259 ;0.34173 ;0.34569 ;0.35317 ;0.36138 ;0.37234 ;0.38402 ;0.39715 ;0.40422 ;0.40814 ;0.40658 ;0.40325 ;0.39181 ;0.38677 ;0.37815 ;0.36121 ;0.34622 ;0.3099 ;0.2982 ;0.30476 ;0.26553
157   ;0.13042 ;0.13489 ;0.13729 ;0.14094 ;0.14543 ;0.14535 ;0.14538 ;0.14544 ;0.14358 ;0.13903 ;0.13656 ;0.13435 ;0.13199 ;0.13087 ;0.12817 ;0.12765 ;0.12513 ;0.12238 ;0.12159 ;0.12164 ;0.12298 ;0.12775 ;0.13348 ;0.14242 ;0.15019 ;0.16056 ;0.16755 ;0.17137 ;0.17743 ;0.18778 ;0.20193 ;0.2247 ;0.25173 ;0.27905 ;0.3112 ;0.31381 ;0.31178 ;0.31609 ;0.32179 ;0.32088 ;0.32389 ;0.32302 ;0.31825 ;0.31742 ;0.31394 ;0.30834 ;0.30978 ;0.30652 ;0.3051 ;0.30318 ;0.30567 ;0.303 ;0.302 ;0.29842 ;0.29123 ;0.28618 ;0.27684 ;0.27284 ;0.26562 ;0.26225 ;0.25997 ;0.25811 ;0.25741 ;0.26131 ;0.26454 ;0.26892 ;0.26684 ;0.26872 ;0.27158 ;0.27417 ;0.27527 ;0.27352 ;0.27597 ;0.27586 ;0.27652 ;0.27761 ;0.2745 ;0.27224 ;0.27145 ;0.26846 ;0.26593 ;0.26445 ;0.26201 ;0.25712 ;0.25417 ;0.25253 ;0.25352 ;0.2581 ;0.26568 ;0.2805 ;0.30536 ;0.33555 ;0.36447 ;0.38789 ;0.40054 ;0.40536 ;0.40341 ;0.39818 ;0.38889 ;0.37884 ;0.36945 ;0.36134 ;0.35342 ;0.35178 ;0.35122 ;0.35422 ;0.36045 ;0.36914 ;0.38494 ;0.40262 ;0.41601 ;0.43355 ;0.44488 ;0.44828 ;0.44506 ;0.43677 ;0.43059 ;0.41751 ;0.399 ;0.38869 ;0.36835 ;0.33887 ;0.33178 ;0.33571 ;0.31187
158   ;0.12035 ;0.12257 ;0.1238 ;0.123 ;0.12544 ;0.12475 ;0.12534 ;0.12563 ;0.12172 ;0.12078 ;0.11665 ;0.11417 ;0.11619 ;0.11057 ;0.1084 ;0.1067 ;0.10461 ;0.10315 ;0.1036 ;0.1037 ;0.1047 ;0.10984 ;0.11324 ;0.12027 ;0.12632 ;0.13497 ;0.13973 ;0.14349 ;0.15069 ;0.1594 ;0.17599 ;0.19278 ;0.21601 ;0.23002 ;0.24692 ;0.25287 ;0.25511 ;0.25964 ;0.26255 ;0.26134 ;0.2621 ;0.26031 ;0.25492 ;0.25288 ;0.24881 ;0.24436 ;0.24432 ;0.24144 ;0.23884 ;0.23765 ;0.2373 ;0.23475 ;0.23363 ;0.22954 ;0.22582 ;0.22053 ;0.21566 ;0.21259 ;0.20755 ;0.20661 ;0.20539 ;0.20817 ;0.20948 ;0.21202 ;0.21394 ;0.21583 ;0.21583 ;0.21804 ;0.22019 ;0.22036 ;0.22218 ;0.2194 ;0.22314 ;0.22294 ;0.2245 ;0.22563 ;0.22575 ;0.22515 ;0.22505 ;0.22269 ;0.22134 ;0.22021 ;0.21956 ;0.21627 ;0.214 ;0.21314 ;0.215 ;0.21951 ;0.22974 ;0.24586 ;0.27304 ;0.30521 ;0.33162 ;0.35441 ;0.36396 ;0.36339 ;0.36022 ;0.3538 ;0.34325 ;0.33264 ;0.3231 ;0.31513 ;0.30551 ;0.29959 ;0.29418 ;0.29281 ;0.29464 ;0.29807 ;0.30723 ;0.31517 ;0.32175 ;0.33212 ;0.33797 ;0.34088 ;0.3392 ;0.33653 ;0.3371 ;0.32681 ;0.31766 ;0.31308 ;0.29839 ;0.27622 ;0.27061 ;0.27373 ;0.25472
159   ;0.15979 ;0.16124 ;0.16353 ;0.16865 ;0.17103 ;0.17184 ;0.1722 ;0.17088 ;0.1678 ;0.16651 ;0.1624 ;0.15728 ;0.15805 ;0.15543 ;0.15207 ;0.15195 ;0.14703 ;0.14657 ;0.14686 ;0.14643 ;0.14818 ;0.15244 ;0.16092 ;0.16971 ;0.18102 ;0.19093 ;0.19619 ;0.20295 ;0.21075 ;0.22203 ;0.24293 ;0.2681 ;0.2963 ;0.32405 ;0.35047 ;0.35945 ;0.36362 ;0.36887 ;0.37181 ;0.37311 ;0.3737 ;0.3688 ;0.36695 ;0.36124 ;0.3585 ;0.35379 ;0.35506 ;0.35129 ;0.34827 ;0.34901 ;0.34727 ;0.34737 ;0.34413 ;0.34048 ;0.3343 ;0.32883 ;0.32185 ;0.3162 ;0.31037 ;0.30652 ;0.3038 ;0.30306 ;0.30471 ;0.30813 ;0.30976 ;0.31413 ;0.3143 ;0.3169 ;0.31871 ;0.32226 ;0.32359 ;0.3227 ;0.32307 ;0.32489 ;0.32462 ;0.32579 ;0.32393 ;0.32118 ;0.31927 ;0.3182 ;0.31499 ;0.31293 ;0.31058 ;0.30555 ;0.30361 ;0.3008 ;0.30228 ;0.30987 ;0.31908 ;0.33582 ;0.36528 ;0.40171 ;0.43282 ;0.45946 ;0.475 ;0.48202 ;0.48113 ;0.47426 ;0.46403 ;0.45412 ;0.44341 ;0.43102 ;0.42109 ;0.41751 ;0.41439 ;0.41569 ;0.4201 ;0.42696 ;0.4397 ;0.45119 ;0.46443 ;0.47783 ;0.48414 ;0.48994 ;0.48812 ;0.48254 ;0.4725 ;0.46425 ;0.45327 ;0.43597 ;0.4161 ;0.37665 ;0.36476 ;0.37142 ;0.33165
